L,grilla,alfa,MV,alfa.GA,alfa.LN,alfa.LC
3,1.00E-04,-5,-7.382304304,-5.493721318,-3.628383299,-2.246017141
3,0.0101,-5,-7.549293881,-5.171352376,-4.319228412,-3.832727782
3,0.0201,-5,-7.71572179,-5.050484964,-4.451424338,-4.41828744
3,0.0301,-5,-7.881583031,-5.013984119,-4.460024313,-4.874771312
3,0.0401,-5,-8.046984381,-4.988205039,-4.448668281,-5.270791428
3,0.0501,-5,-8.212154585,-4.969665284,-4.417920882,-5.630879749
3,0.0601,-5,-8.377134816,-4.956506111,-4.392468761,-5.966938161
3,0.0701,-5,-8.542009743,-4.947593782,-4.37134358,-6.285685451
3,0.0801,-5,-8.706854385,-4.942252191,-4.373111702,-6.591379625
3,0.0901,-5,-8.871735693,-4.939921016,-4.376585166,-6.886764657
3,0.1001,-5,-9.036713707,-4.940219167,-4.362607173,-7.173877242
3,0.1101,-5,-9.201842527,-4.991211883,-4.368978929,-7.454118501
3,0.1201,-5,-9.367170942,-4.995372739,-4.376447452,-7.728547333
3,0.1301,-5,-9.532743032,-5.001561055,-4.384902224,-7.997975367
3,0.1401,-5,-9.698331023,-5.059233119,-4.394247476,-8.262998645
3,0.1501,-5,-9.864481015,-5.068146109,-4.403990967,-8.524096821
3,0.1601,-5,-10.03098406,-5.0670146,-4.424378365,-8.78163732
3,0.1701,-5,-10.19786861,-5.06741829,-4.426837817,-9.035915314
3,0.1801,-5,-10.36515968,-5.120295162,-4.429813113,-9.287154455
3,0.1901,-5,-10.53287917,-5.123222939,-4.433259508,-9.535537204
3,0.2001,-5,-10.70104601,-5.127397473,-4.437129893,-9.78114312
3,0.2101,-5,-10.8696763,-5.132750848,-4.441383916,-10.02411598
3,0.2201,-5,-11.03878354,-5.139157535,-4.445991312,-10.26448344
3,0.2301,-5,-11.2085673,-5.146545017,-4.450902712,-10.50231028
3,0.2401,-5,-11.3786784,-5.209170618,-4.456101987,-10.73759785
3,0.2501,-5,-11.54929217,-5.218592295,-4.461557197,-10.97036794
3,0.2601,-5,-11.72041214,-5.228854825,-4.467250189,-11.20058975
3,0.2701,-5,-11.89203952,-5.239842645,-4.47313411,-11.42824556
3,0.2801,-5,-12.06417331,-5.251537354,-4.479209689,-11.65330139
3,0.2901,-5,-12.23656807,-5.263866947,-4.485451901,-11.87571453
3,0.3001,-5,-12.40953925,-5.276776821,-4.49183503,-12.09538457
3,0.3101,-5,-12.58319752,-5.290236474,-4.498350669,-12.31234649
3,0.3201,-5,-12.75736943,-5.36623541,-4.525419982,-12.52647309
3,0.3301,-5,-12.93186342,-5.381372607,-4.532334966,-12.73771204
3,0.3401,-5,-13.10654667,-5.396947451,-4.539343705,-12.9459926
3,0.3501,-5,-13.28228713,-5.412921236,-4.546409981,-13.15124141
3,0.3601,-5,-13.45147507,-5.429238052,-4.553556447,-13.35338323
3,0.3701,-5,-13.63446088,-5.445884178,-4.560757991,-13.55234159
3,0.3801,-5,-13.81115784,-5.46279969,-4.568004072,-13.74803897
3,0.3901,-5,-13.9882114,-5.479971181,-4.575284861,-13.94039877
3,0.4001,-5,-14.16556577,-5.497360895,-4.582591185,-14.12934384
3,0.4101,-5,-14.34318409,-5.514939134,-4.589914468,-14.31479815
3,0.4201,-5,-14.52104259,-5.532669885,-4.597246683,-14.49668695
3,0.4301,-5,-14.69911862,-5.550552031,-4.604580591,-14.67493715
3,0.4401,-5,-14.87738507,-5.568533031,-4.635907109,-14.84949757
3,0.4501,-5,-15.05580891,-5.586605708,-4.643435154,-15.02026203
3,0.4601,-5,-15.23435098,-5.604741402,-4.650980744,-15.187182
3,0.4701,-5,-15.41296738,-5.62289995,-4.65849549,-15.35014438
3,0.4801,-5,-15.591611,-5.641113363,-4.665983912,-15.50918929
3,0.4901,-5,-15.77023172,-5.659277834,-4.67342816,-15.6642103
3,0.5001,-5,-15.94877776,-5.677448095,-4.680845546,-15.81515468
3,0.5101,-5,-16.12719433,-5.695590624,-4.6882127,-15.9619735
3,0.5201,-5,-16.30542453,-5.713667294,-4.695530749,-16.10462191
3,0.5301,-5,-16.48349909,-5.731675969,-4.702791224,-16.24305917
3,0.5401,-5,-16.66113644,-5.749589278,-4.710001913,-16.37724885
3,0.5501,-5,-16.83842178,-5.767424018,-4.717155857,-16.50715888
3,0.5601,-5,-17.01527274,-5.785119292,-4.724224132,-16.63276166
3,0.5701,-5,-17.19163779,-5.802692915,-4.731237507,-16.7540341
3,0.5801,-5,-17.36713882,-5.820133388,-4.738174701,-16.87095768
3,0.5901,-5,-17.54241087,-5.837429352,-4.745035411,-16.98351843
3,0.6001,-5,-17.71690041,-5.854521442,-4.751819883,-17.091707
3,0.6101,-5,-17.89055095,-5.871458059,-4.758524106,-17.19551859
3,0.6201,-5,-18.0632974,-5.888206492,-4.76514563,-17.29495295
3,0.6301,-5,-18.23506371,-5.90475669,-4.771686175,-17.39006434
3,0.6401,-5,-18.40577015,-5.921100725,-4.77812504,-17.48076143
3,0.6501,-5,-18.57530679,-5.937231711,-4.784481589,-17.5671073
3,0.6601,-5,-18.74364915,-5.953143299,-4.790743578,-17.64911928
3,0.6701,-5,-18.91065487,-5.968780834,-4.767542992,-17.72681891
3,0.6801,-5,-19.07650567,-5.98420394,-4.773408957,-17.8002318
3,0.6901,-5,-19.2403998,-5.999368999,-4.7791638,-17.86938753
3,0.7001,-5,-19.40278102,-5.915625157,-4.784843043,-17.93431949
3,0.7101,-5,-19.56349383,-5.929437043,-4.790416676,-17.99506479
3,0.7201,-5,-19.72289235,-5.943004464,-4.795891572,-18.05166409
3,0.7301,-5,-19.87949441,-5.956294959,-4.801266747,-18.10416146
3,0.7401,-5,-20,-5.969331005,-4.806541148,-18.15260419
3,0.7501,-5,-20,-5.982098032,-4.811713493,-18.19704269
3,0.7601,-5,-20,-5.994591488,-4.816774724,-18.23753027
3,0.7701,-5,-20,-6.006789778,-4.821736992,-18.27412302
3,0.7801,-5,-20,-6.018734174,-4.826594006,-18.30687958
3,0.7901,-5,-20,-6.030387388,-4.831345004,-18.33586103
3,0.8001,-5,-20,-6.041748481,-4.835989301,-18.36113069
3,0.8101,-5,-20,-6.051789424,-4.840526282,-18.38275395
3,0.8201,-5,-20,-6.063588763,-4.844955392,-18.40079807
3,0.8301,-5,-20,-6.074064511,-4.849276137,-18.41533207
3,0.8401,-5,-20,-6.084241437,-4.85348807,-18.42642653
3,0.8501,-5,-20,-6.094117552,-4.857590787,-18.43415339
3,0.8601,-5,-20,-6.103690906,-4.861583923,-18.43858584
3,0.8701,-5,-20,-6.112959651,-4.865467145,-18.43979815
3,0.8801,-5,-20,-6.019122263,-4.869240156,-18.43786549
3,0.8901,-5,-20,-6.02733721,-4.872902696,-18.4328638
3,0.9001,-5,-20,-6.035263209,-4.844716799,-18.42486961
3,0.9101,-5,-20,-6.042899566,-4.848044585,-18.41395995
3,0.9201,-5,-20,-6.050245771,-4.851265695,-18.40021218
3,0.9301,-5,-20,-6.057259757,-4.854380104,-18.38370385
3,0.9401,-5,-20,-6.064032946,-4.857387827,-18.36451259
3,0.9501,-5,-20,-6.070509151,-4.860288915,-18.34271598
3,0.9601,-5,-20,-6.076688143,-4.863083451,-18.31839146
3,0.9701,-5,-20,-6.08261889,-4.865771555,-18.29161616
3,0.9801,-5,-20,-6.088223135,-4.868353375,-18.26246687
3,0.9901,-5,-20,-6.09353839,-4.870829094,-18.23101989
3,1.0001,-5,-20,-6.098565435,-4.873198922,-18.19735094
3,1.0101,-5,-20,-6.103305183,-4.875463098,-18.16153512
3,1.0201,-5,-20,-6.107758683,-4.877621889,-18.12364678
3,1.0301,-5,-20,-6.111927116,-4.879682205,-18.08375943
3,1.0401,-5,-20,-6.115811791,-4.881629998,-18.04194576
3,1.0501,-5,-20,-6.119431783,-4.883473435,-17.99827746
3,1.0601,-5,-20,-6.122747811,-4.885212913,-17.95282526
3,1.0701,-5,-20,-6.025525412,-4.886848846,-17.9056588
3,1.0801,-5,-20,-6.028220113,-4.888381654,-17.85684664
3,1.0901,-5,-20,-6.030657339,-4.88981177,-17.80645616
3,1.1001,-5,-20,-6.032838865,-4.859440715,-17.75455359
3,1.1101,-5,-20,-6.034766401,-4.860637925,-17.7012039
3,1.1201,-5,-20,-6.036441568,-4.861737558,-17.64647082
3,1.1301,-5,-20,-6.037865873,-4.862740074,-17.59041679
3,1.1401,-5,-20,-6.039040681,-4.863645952,-17.53310296
3,1.1501,-5,-20,-6.039967208,-4.864455687,-17.47458914
3,1.1601,-5,-20,-6.040646508,-4.865169793,-17.41493382
3,1.1701,-5,-20,-6.041079482,-4.865788802,-17.35414412
3,1.1801,-5,-20,-6.041266909,-4.866301261,-17.29237581
3,1.1901,-5,-20,-6.041255091,-4.866749995,-17.22963329
3,1.2001,-5,-20,-6.040981889,-4.867085557,-17.16596961
3,1.2101,-5,-20,-6.040475663,-4.867328202,-17.10143644
3,1.2201,-5,-20,-6.039738925,-4.867478953,-17.03608407
3,1.2301,-5,-20,-6.038774223,-4.867538501,-16.96996145
3,1.2401,-5,-20,-6.03759113,-4.867507444,-16.90311618
3,1.2501,-5,-20,-6.036172776,-4.867386322,-16.83559449
3,1.2601,-5,-20,-6.03454039,-4.867175669,-16.7674413
3,1.2701,-5,-20,-6.032690586,-4.866876053,-16.6987002
3,1.2801,-5,-20,-6.03062634,-4.86650021,-16.62941348
3,1.2901,-5,-20,-6.028380674,-4.866018607,-16.55962211
3,1.3001,-5,-20,-6.025864397,-4.865452318,-16.48936583
3,1.3101,-5,-20,-6.023162946,-4.864801555,-16.41868307
3,1.3201,-5,-20,-6.020280075,-4.864065993,-16.34761107
3,1.3301,-5,-20,-6.017185593,-4.833134324,-16.27618582
3,1.3401,-5,-20,-6.013894998,-4.832274382,-16.20444212
3,1.3501,-5,-20,-6.010414212,-4.831342141,-16.1324136
3,1.3601,-5,-20,-5.916635619,-4.830325638,-16.06013272
3,1.3701,-5,-20,-5.913059529,-4.829221331,-15.98763083
3,1.3801,-5,-20,-5.909300693,-4.828040832,-15.91493814
3,1.3901,-5,-20,-5.9053704,-4.82678448,-15.8420838
3,1.4001,-5,-20,-5.901299739,-4.825451893,-15.76909589
3,1.4101,-5,-20,-5.896996155,-4.824042541,-15.69600145
3,1.4201,-5,-20,-5.892560369,-4.822557558,-15.6228265
3,1.4301,-5,-20,-5.887990292,-4.820997239,-15.54959607
3,1.4401,-5,-20,-5.883201971,-4.819364279,-15.47633423
3,1.4501,-5,-20,-5.878284863,-4.817657002,-15.40306412
3,1.4601,-5,-20,-5.873212471,-4.815876194,-15.32980793
3,1.4701,-5,-20,-5.867986055,-4.81402239,-15.25658697
3,1.4801,-5,-20,-5.862607814,-4.81207709,-15.1834717
3,1.4901,-5,-20,-5.857080435,-4.81008161,-15.1103817
3,1.5001,-5,-20,-5.851407584,-4.808033569,-15.03738575
3,1.5101,-5,-20,-5.84559316,-4.805900475,-14.96450182
3,1.5201,-5,-20,-5.839632195,-4.803692447,-14.8917471
3,1.5301,-5,-20,-5.833543349,-4.801420362,-14.81913803
3,1.5401,-5,-19.92532248,-5.827315377,-4.799081489,-14.74667183
3,1.5501,-5,-19.78576599,-5.820955124,-4.796676138,-14.67440145
3,1.5601,-5,-19.64550203,-5.814465169,-4.794205641,-14.60232173
3,1.5701,-5,-19.50477733,-5.807848085,-4.791674604,-14.5304463
3,1.5801,-5,-19.36186586,-5.801111923,-4.789084918,-14.45878816
3,1.5901,-5,-19.21932087,-5.794243633,-4.786419462,-14.38735968
3,1.6001,-5,-19.07632734,-5.787259301,-4.783679843,-14.31617261
3,1.6101,-5,-18.93299809,-5.780160014,-4.754110846,-14.24523813
3,1.6201,-5,-18.78945323,-5.772944984,-4.751373057,-14.17456683
3,1.6301,-5,-18.64582079,-5.765623995,-4.748570836,-14.10416879
3,1.6401,-5,-18.50131522,-5.758182141,-4.745704312,-14.03405354
3,1.6501,-5,-18.35733243,-5.750616786,-4.742783975,-13.96423008
3,1.6601,-5,-18.21341884,-5.742991419,-4.739806996,-13.89470694
3,1.6701,-5,-18.0696518,-5.735241993,-4.736777071,-13.82549218
3,1.6801,-5,-17.92610101,-5.727393982,-4.733685227,-13.75659338
3,1.6901,-5,-17.78283255,-5.719434551,-4.73053797,-13.68801768
3,1.7001,-5,-17.63990251,-5.711403738,-4.72734636,-13.61977211
3,1.7101,-5,-17.49735817,-5.70326783,-4.724097235,-13.55186234
3,1.7201,-5,-17.35583886,-5.695043398,-4.720796624,-13.48429459
3,1.7301,-5,-17.21452414,-5.686729269,-4.717442675,-13.4170744
3,1.7401,-5,-17.0738614,-5.67833392,-4.714044337,-13.35020693
3,1.7501,-5,-16.93387933,-5.669848645,-4.71058514,-13.28369697
3,1.7601,-5,-16.79464962,-5.661285369,-4.707081968,-13.21754898
3,1.7701,-5,-16.65623086,-5.652617939,-4.703530169,-13.1517671
3,1.7801,-5,-16.51868453,-5.643911513,-4.69993046,-13.08635514
3,1.7901,-5,-16.3816371,-5.635123983,-4.696283561,-13.02131662
3,1.8001,-5,-16.24577742,-5.626260646,-4.692590188,-12.95665475
3,1.8101,-5,-16.11087465,-5.61732529,-4.688851056,-12.89237247
3,1.8201,-5,-15.97696579,-5.608320486,-4.685066882,-12.82847246
3,1.8301,-5,-15.84408494,-5.599256208,-4.681238376,-12.76495714
3,1.8401,-5,-15.71226474,-5.590142235,-4.677366251,-12.70182866
3,1.8501,-5,-15.58153514,-5.580925348,-4.673451214,-12.63908895
3,1.8601,-5,-15.45192331,-5.57167043,-4.669493975,-12.57673972
3,1.8701,-5,-15.32345541,-5.562355709,-4.665495237,-12.51478245
3,1.8801,-5,-15.19615292,-5.55298859,-4.661455705,-12.45321841
3,1.8901,-5,-15.07003463,-5.543571287,-4.657376077,-12.39204867
3,1.9001,-5,-14.94511496,-5.534092316,-4.653257054,-12.33127412
3,1.9101,-5,-14.8214036,-5.524568543,-4.649117373,-12.27089545
3,1.9201,-5,-14.6989065,-5.514996883,-4.644919168,-12.21090943
3,1.9301,-5,-14.57762492,-5.505379116,-4.640683434,-12.15131782
3,1.9401,-5,-14.45756103,-5.495717199,-4.636411437,-12.09212375
3,1.9501,-5,-14.33871857,-5.486013035,-4.632102581,-12.03332723
3,1.9601,-5,-14.22111022,-5.47626765,-4.627759002,-11.97492813
3,1.9701,-5,-14.10475873,-5.466485273,-4.601901302,-11.91697617
3,1.9801,-5,-13.98969487,-5.456667188,-4.597621665,-11.85937093
3,1.9901,-5,-13.87594725,-5.4468079,-4.593309105,-11.80216189
3,2.0001,-5,-13.76408736,-5.436916073,-4.588965724,-11.74534839
3,2.0101,-5,-13.65237305,-5.426998433,-4.58459129,-11.68892963
3,2.0201,-5,-13.54236325,-5.417047171,-4.580184772,-11.63290476
3,2.0301,-5,-13.43398261,-5.407067373,-4.575748695,-11.57727276
3,2.0401,-5,-13.32671146,-5.3970607,-4.571299894,-11.52203257
3,2.0501,-5,-13.22075159,-5.38702884,-4.566797494,-11.46718299
3,2.0601,-5,-13.11615532,-5.376973528,-4.562269277,-11.41272278
3,2.0701,-5,-13.01249977,-5.366896573,-4.557715297,-11.35865056
3,2.0801,-5,-12.91029966,-5.356799886,-4.553134622,-11.30496493
3,2.0901,-5,-12.80936035,-5.346685499,-4.548529509,-11.25166437
3,2.1001,-5,-12.70967527,-5.393715032,-4.543898342,-11.19874731
3,2.1101,-5,-12.6114664,-5.38309948,-4.53924173,-11.14621213
3,2.1201,-5,-12.51436686,-5.372470859,-4.534560266,-11.09405711
3,2.1301,-5,-12.41836546,-5.361830578,-4.529854538,-11.04228051
3,2.1401,-5,-12.32358151,-5.351180014,-4.525125128,-10.99088051
3,2.1501,-5,-12.23000575,-5.340542872,-4.52038847,-10.93986149
3,2.1601,-5,-12.13762774,-5.329854973,-4.515606542,-10.88922334
3,2.1701,-5,-12.0464371,-5.319180403,-4.510804735,-10.83890234
3,2.1801,-5,-11.95642288,-5.308501542,-4.505982175,-10.78899715
3,2.1901,-5,-11.86757389,-5.297819777,-4.501143634,-10.73945634
3,2.2001,-5,-11.77987859,-5.287126864,-4.496283331,-10.69027842
3,2.2101,-5,-11.69332523,-5.276447779,-4.491404149,-10.64146178
3,2.2201,-5,-11.60790157,-5.26576489,-4.486505449,-10.59300473
3,2.2301,-5,-11.52359558,-5.255081349,-4.481588114,-10.54490546
3,2.2401,-5,-11.44039464,-5.244393092,-4.476649668,-10.49716205
3,2.2501,-5,-11.35828629,-5.233710466,-4.471699826,-10.44977606
3,2.2601,-5,-11.27725763,-5.223031076,-4.466730019,-10.40273516
3,2.2701,-5,-11.19729597,-5.212361983,-4.461744978,-10.3560458
3,2.2801,-5,-11.11820517,-5.201718546,-4.456740148,-10.30970397
3,2.2901,-5,-11.04034773,-5.191036421,-4.451721775,-10.26370635
3,2.3001,-5,-10.96351841,-5.180384395,-4.446693926,-10.21805014
3,2.3101,-5,-10.88770412,-5.169738423,-4.441646031,-10.17273235
3,2.3201,-5,-10.81289168,-5.159110932,-4.436583591,-10.12774982
3,2.3301,-5,-10.73906812,-5.1455626,-4.429627844,-10.08309918
3,2.3401,-5,-10.66622031,-5.128655539,-4.420504174,-10.03882683
3,2.3501,-5,-10.59433503,-5.111910477,-4.411461391,-9.994835398
3,2.3601,-5,-10.52339935,-5.095325735,-4.402498536,-9.95118604
3,2.3701,-5,-10.4534002,-5.07888947,-4.393614674,-9.907862536
3,2.3801,-5,-10.38432464,-5.062623762,-4.400527246,-9.864862513
3,2.3901,-5,-10.31644729,-5.09323726,-4.391604259,-9.822183608
3,2.4001,-5,-10.24915553,-5.07678014,-4.382762631,-9.779823468
3,2.4101,-5,-10.18274761,-5.060479032,-4.374004679,-9.73777976
3,2.4201,-5,-10.11721118,-5.04433203,-4.365322418,-9.696050171
3,2.4301,-5,-10.05253414,-5.028337237,-4.372091686,-9.654632414
3,2.4401,-5,-9.988704506,-5.012493305,-4.363376457,-9.613524238
3,2.4501,-5,-9.925710362,-4.99679718,-4.354737688,-9.572723429
3,2.4601,-5,-9.863539986,-4.981247739,-4.346173252,-9.532227821
3,2.4701,-5,-9.802181838,-4.965843201,-4.337687964,-9.492035303
3,2.4801,-5,-9.741624293,-4.995614869,-4.329261632,-9.452093827
3,2.4901,-5,-9.681815761,-4.980024078,-4.335795772,-9.412501415
3,2.5001,-5,-9.622837188,-4.964579115,-4.327341979,-9.373202954
3,2.5101,-5,-9.564622514,-4.949283646,-4.318960022,-9.334187185
3,2.5201,-5,-9.507159906,-4.934114621,-4.310647611,-9.295461165
3,2.5301,-5,-9.450455064,-4.919093239,-4.302403273,-9.257022534
3,2.5401,-5,-9.394381098,-4.904210068,-4.294230269,-9.218868939
3,2.5501,-5,-9.339164892,-4.889470462,-4.300529689,-9.180998041
3,2.5601,-5,-9.284601838,-4.874851633,-4.292318624,-9.143407508
3,2.5701,-5,-9.230729617,-4.86037215,-4.284175992,-9.106095024
3,2.5801,-5,-9.177535846,-4.889105958,-4.276101109,-9.069058283
3,2.5901,-5,-9.124905292,-4.874454314,-4.268093329,-9.032294994
3,2.6001,-5,-9.073165242,-4.859910026,-4.26015185,-8.995802881
3,2.6101,-5,-9.021988309,-4.845507616,-4.266221004,-8.959579685
3,2.6201,-5,-8.971411029,-4.831241704,-4.258236297,-8.923623164
3,2.6301,-5,-8.92148299,-4.817101286,-4.250319116,-8.887931096
3,2.6401,-5,-8.872152083,-4.803088455,-4.242467369,-8.852501281
3,2.6501,-5,-8.823506353,-4.789202593,-4.234679842,-8.817331544
3,2.6601,-5,-8.775427162,-4.77543579,-4.226955828,-8.782419735
3,2.6701,-5,-8.727947446,-4.761790529,-4.219294626,-8.747763736
3,2.6801,-5,-8.681066976,-4.748274082,-4.225025132,-8.713361461
3,2.6901,-5,-8.634714304,-4.775816062,-4.21732137,-8.679210866
3,2.7001,-5,-8.588958159,-4.762115029,-4.209679825,-8.645300227
3,2.7101,-5,-8.543759969,-4.748534265,-4.202099838,-8.61164391
3,2.7201,-5,-8.498929548,-4.73507332,-4.194580761,-8.578232527
3,2.7301,-5,-8.455050739,-4.721730879,-4.187121957,-8.54506402
3,2.7401,-5,-8.411417783,-4.708505878,-4.179722803,-8.512136357
3,2.7501,-5,-8.368374329,-4.695396971,-4.185122635,-8.479445976
3,2.7601,-5,-8.325854088,-4.682402833,-4.177679214,-8.446990337
3,2.7701,-5,-8.283807921,-4.669505712,-4.170294977,-8.414768882
3,2.7801,-5,-8.242280444,-4.656745749,-4.162972483,-8.382779574
3,2.7901,-5,-8.201248414,-4.644096304,-4.155701648,-8.35102039
3,2.8001,-5,-8.160699679,-4.631549989,-4.148491369,-8.319489322
3,2.8101,-5,-8.120628452,-4.657800589,-4.14133832,-8.288184381
3,2.8201,-5,-8.081027241,-4.645074582,-4.146413675,-8.257103589
3,2.8301,-5,-8.041888593,-4.63246088,-4.139214388,-8.226244987
3,2.8401,-5,-8.003205152,-4.619948722,-4.132071487,-8.19560663
3,2.8501,-5,-7.964969698,-4.607548585,-4.124984409,-8.165186591
3,2.8601,-5,-7.927175105,-4.595254984,-4.117952604,-8.134982955
3,2.8701,-5,-7.889814438,-4.583066766,-4.110975522,-8.104993826
3,2.8801,-5,-7.852880871,-4.570982809,-4.104052623,-8.075217323
3,2.8901,-5,-7.816421574,-4.559002001,-4.097184622,-8.045651579
3,2.9001,-5,-7.780359096,-4.54712322,-4.101841084,-8.016294744
3,2.9101,-5,-7.744551399,-4.53534534,-4.094924824,-7.987144984
3,2.9201,-5,-7.709264736,-4.523667235,-4.088066162,-7.95820048
3,2.9301,-5,-7.67437433,-4.512087805,-4.081252558,-7.929459429
3,2.9401,-5,-7.639876735,-4.537010434,-4.07449474,-7.900910636
3,2.9501,-5,-7.605769664,-4.525256787,-4.067785496,-7.872571482
3,2.9601,-5,-7.572055395,-4.51360323,-4.061134339,-7.844430465
3,2.9701,-5,-7.538637934,-4.502048453,-4.054532205,-7.816485842
3,2.9801,-5,-7.505759597,-4.490591167,-4.058781668,-7.788735885
3,2.9901,-5,-7.472995436,-4.479226036,-4.052130577,-7.761178884
3,3.0001,-5,-7.440709542,-4.467964097,-4.045530037,-7.733813143
3,3.0101,-5,-7.408774044,-4.456993708,-4.038979577,-7.70663698
3,3.0201,-5,-7.377182749,-4.44571456,-4.03248216,-7.679648729
3,3.0301,-5,-7.345930042,-4.434728531,-4.026028306,-7.652846741
3,3.0401,-5,-7.315010628,-4.42383366,-4.019624366,-7.626229379
3,3.0501,-5,-7.284420037,-4.413029047,-4.013269329,-7.599795023
3,3.0601,-5,-7.254155054,-4.402313823,-4.006956661,-7.573542066
3,3.0701,-5,-7.224213731,-4.391691848,-4.010722872,-7.547468918
3,3.0801,-5,-7.194594238,-4.381148564,-4.004368281,-7.521574002
3,3.0901,-5,-7.165291945,-4.404515209,-3.99806343,-7.495855757
3,3.1001,-5,-7.136319124,-4.393812733,-3.991813992,-7.470312634
3,3.1101,-5,-7.107631744,-4.38319927,-3.985587817,-7.444943102
3,3.1201,-5,-7.079243712,-4.372675349,-3.979420827,-7.419745642
3,3.1301,-5,-7.051147528,-4.362277771,-3.973299606,-7.394718748
3,3.1401,-5,-7.023337016,-4.351879712,-3.967223607,-7.369860932
3,3.1501,-5,-6.995796483,-4.341610426,-3.961192225,-7.345170717
3,3.1601,-5,-6.968535409,-4.331424966,-3.964479555,-7.32064664
3,3.1701,-5,-6.941550711,-4.321322473,-3.958403776,-7.296287253
3,3.1801,-5,-6.914838421,-4.311302094,-3.952370281,-7.272091253
3,3.1901,-5,-6.888394632,-4.301362984,-3.946381323,-7.248056949
3,3.2001,-5,-6.862215504,-4.291504308,-3.940436467,-7.224183073
3,3.2101,-5,-6.836297266,-4.281725238,-3.934535537,-7.200468229
3,3.2201,-5,-6.810636212,-4.272024951,-3.928677428,-7.176911038
3,3.2301,-5,-6.785228695,-4.262402631,-3.922862428,-7.153510133
3,3.2401,-5,-6.760071133,-4.252857468,-3.917089892,-7.130264157
3,3.2501,-5,-6.735160007,-4.274825304,-3.911359408,-7.107171772
3,3.2601,-5,-6.710491852,-4.265128574,-3.914103172,-7.084231647
3,3.2701,-5,-6.686063264,-4.25503909,-3.90832774,-7.061442467
3,3.2801,-5,-6.661870901,-4.245968094,-3.902592362,-7.038802929
3,3.2901,-5,-6.637911473,-4.23650772,-3.896898756,-7.016311743
3,3.3001,-5,-6.614181748,-4.227118943,-3.891246561,-6.993967631
3,3.3101,-5,-6.590678546,-4.217805298,-3.885635419,-6.971769327
3,3.3201,-5,-6.567398741,-4.208565816,-3.880064974,-6.949715579
3,3.3301,-5,-6.544339259,-4.199399752,-3.874534876,-6.927805144
3,3.3401,-5,-6.521497085,-4.190306365,-3.869044776,-6.906036793
3,3.3501,-5,-6.498869238,-4.181284925,-3.863594603,-6.884409311
3,3.3601,-5,-6.47645281,-4.172334709,-3.865819562,-6.86292149
3,3.3701,-5,-6.45424492,-4.163455001,-3.860321786,-6.841572138
3,3.3801,-5,-6.432177938,-4.154645093,-3.854863586,-6.820360073
3,3.3901,-5,-6.410380074,-4.14590509,-3.849449038,-6.799284124
3,3.4001,-5,-6.388782414,-4.137232592,-3.844063698,-6.778341855
3,3.4101,-5,-6.367382271,-4.128627951,-3.838722916,-6.757531423
3,3.4201,-5,-6.346177003,-4.120090142,-3.833424409,-6.736853807
3,3.4301,-5,-6.325164003,-4.140704702,-3.828155215,-6.716307881
3,3.4401,-5,-6.304340722,-4.132025134,-3.822926924,-6.695892529
3,3.4501,-5,-6.283704641,-4.123415584,-3.817730103,-6.675606644
3,3.4601,-5,-6.263253283,-4.114874442,-3.812582722,-6.655449134
3,3.4701,-5,-6.242984219,-4.106399659,-3.814229781,-6.635418911
3,3.4801,-5,-6.222895051,-4.097990572,-3.809029728,-6.615514903
3,3.4901,-5,-6.202983427,-4.089646521,-3.803866658,-6.595786045
3,3.5001,-5,-6.18324703,-4.081366857,-3.798740151,-6.576131283
3,3.5101,-5,-6.163683582,-4.073150934,-3.793649883,-6.556599573
3,3.5201,-5,-6.144290839,-4.064998118,-3.788595611,-6.537189882
3,3.5301,-5,-6.125066595,-4.056907777,-3.78357707,-6.517901185
3,3.5401,-5,-6.10600868,-4.048879291,-3.778593962,-6.498732468
3,3.5501,-5,-6.087114959,-4.040912042,-3.773648754,-6.479682727
3,3.5601,-5,-6.06838333,-4.033005423,-3.76873358,-6.460750967
3,3.5701,-5,-6.04981173,-4.025158831,-3.763854371,-6.441936203
3,3.5801,-5,-6.031398119,-4.017371671,-3.75899664,-6.423237459
3,3.5901,-5,-6.013140499,-4.009643353,-3.760022545,-6.40465377
3,3.6001,-5,-5.995036899,-4.001973295,-3.755138724,-6.386184178
3,3.6101,-5,-5.977085379,-3.994360921,-3.750283255,-6.367827736
3,3.6201,-5,-5.959284031,-3.986806444,-3.745465208,-6.349583505
3,3.6301,-5,-5.94163098,-3.979307624,-3.740691942,-6.331450557
3,3.6401,-5,-5.924124374,-3.998568428,-3.735917406,-6.313427971
3,3.6501,-5,-5.906762396,-3.990945137,-3.731195393,-6.295514836
3,3.6601,-5,-5.889543254,-3.983378906,-3.72650607,-6.27771025
3,3.6701,-5,-5.872465187,-3.975869164,-3.721849035,-6.26001332
3,3.6801,-5,-5.855526458,-3.968415349,-3.717223837,-6.242423161
3,3.6901,-5,-5.838725359,-3.961016904,-3.71263351,-6.224938897
3,3.7001,-5,-5.822060211,-3.95367328,-3.708073115,-6.20755966
3,3.7101,-5,-5.805529356,-3.946383932,-3.703544246,-6.190284592
3,3.7201,-5,-5.789131163,-3.939148321,-3.703896217,-6.173112843
3,3.7301,-5,-5.772864029,-3.931965916,-3.699322358,-6.15604357
3,3.7401,-5,-5.756726374,-3.924836191,-3.694779988,-6.139075939
3,3.7501,-5,-5.740716641,-3.917758625,-3.690268857,-6.122209126
3,3.7601,-5,-5.724833297,-3.910732704,-3.685788716,-6.105442312
3,3.7701,-5,-5.709074833,-3.903757919,-3.681339321,-6.088774688
3,3.7801,-5,-5.693439765,-3.896833768,-3.676920124,-6.072205453
3,3.7901,-5,-5.677926628,-3.889959751,-3.672531368,-6.055733813
3,3.8001,-5,-5.662533982,-3.883135379,-3.668172621,-6.039358983
3,3.8101,-5,-5.647260405,-3.876360163,-3.663840998,-6.023080184
3,3.8201,-5,-5.632104501,-3.869633625,-3.659543974,-6.006896646
3,3.8301,-5,-5.617064891,-3.862955286,-3.655273702,-5.990807606
3,3.8401,-5,-5.60214022,-3.856324676,-3.651032468,-5.974819081
3,3.8501,-5,-5.587329151,-3.849741332,-3.646819768,-5.958924252
3,3.8601,-5,-5.572630367,-3.843204793,-3.64647389,-5.943120696
3,3.8701,-5,-5.55804257,-3.836714604,-3.642217364,-5.927357762
3,3.8801,-5,-5.543564483,-3.854835392,-3.637989286,-5.911734803
3,3.8901,-5,-5.529194846,-3.848232898,-3.633790019,-5.896201178
3,3.9001,-5,-5.514932421,-3.84167704,-3.629619052,-5.880756248
3,3.9101,-5,-5.500775982,-3.835167366,-3.625478025,-5.865399383
3,3.9201,-5,-5.486724328,-3.828703423,-3.621362694,-5.850129953
3,3.9301,-5,-5.472776269,-3.82228477,-3.617275038,-5.834947333
3,3.9401,-5,-5.458930636,-3.815910968,-3.613214829,-5.819850902
3,3.9501,-5,-5.445186277,-3.809581583,-3.609181841,-5.804840041
3,3.9601,-5,-5.431542055,-3.803296184,-3.605175853,-5.789914134
3,3.9701,-5,-5.417996851,-3.797054349,-3.601196645,-5.775072567
3,3.9801,-5,-5.40454956,-3.790855654,-3.597243617,-5.760314728
3,3.9901,-5,-5.391199095,-3.784699685,-3.593317709,-5.745640007
3,4.0001,-5,-5.377944383,-3.77858603,-3.589417555,-5.731047794
3,4.0101,-5,-5.364784368,-3.772514283,-3.588350281,-5.716537479
3,4.0201,-5,-5.351718007,-3.76648404,-3.584406856,-5.702108455
3,4.0301,-5,-5.338744272,-3.760494903,-3.580489523,-5.687760114
3,4.0401,-5,-5.325862151,-3.754546479,-3.576598074,-5.673501763
3,4.0501,-5,-5.313070645,-3.748638379,-3.572732302,-5.659311858
3,4.0601,-5,-5.300368769,-3.742770217,-3.568892004,-5.64519342
3,4.0701,-5,-5.287755552,-3.736941612,-3.565076978,-5.631162943
3,4.0801,-5,-5.275230039,-3.731152188,-3.561287023,-5.617211654
3,4.0901,-5,-5.262791283,-3.725401572,-3.557521941,-5.603339615
3,4.1001,-5,-5.250438354,-3.719689396,-3.553781536,-5.589546913
3,4.1101,-5,-5.238170335,-3.714015295,-3.550065614,-5.575804643
3,4.1201,-5,-5.22598632,-3.70837891,-3.546373981,-5.562154891
3,4.1301,-5,-5.213885415,-3.702779883,-3.542706448,-5.548579663
3,4.1401,-5,-5.201866742,-3.697217862,-3.539062825,-5.53507833
3,4.1501,-5,-5.189929431,-3.714572269,-3.535442925,-5.521650256
3,4.1601,-5,-5.178072624,-3.708905716,-3.531846563,-5.508294803
3,4.1701,-5,-5.166295478,-3.703276364,-3.530041772,-5.495011328
3,4.1801,-5,-5.154597159,-3.69768386,-3.526402778,-5.481799182
3,4.1901,-5,-5.142976844,-3.692127855,-3.522787279,-5.468657711
3,4.2001,-5,-5.131433723,-3.686608002,-3.519195092,-5.455586255
3,4.2101,-5,-5.119966996,-3.68112396,-3.515621701,-5.442584147
3,4.2201,-5,-5.108575872,-3.675675391,-3.512076238,-5.429700716
3,4.2301,-5,-5.097259573,-3.670261961,-3.508553454,-5.41683528
3,4.2401,-5,-5.086017332,-3.664883338,-3.505053182,-5.404037153
3,4.2501,-5,-5.074848388,-3.659539198,-3.501575258,-5.391314563
3,4.2601,-5,-5.063751995,-3.654229216,-3.498119516,-5.378661907
3,4.2701,-5,-5.052727416,-3.648953074,-3.494685793,-5.366076534
3,4.2801,-5,-5.041773921,-3.643713869,-3.49127392,-5.353557953
3,4.2901,-5,-5.030890791,-3.638503952,-3.487883737,-5.341105675
3,4.3001,-5,-5.020077317,-3.633327004,-3.484515081,-5.328719218
3,4.3101,-5,-5.009332801,-3.628182712,-3.48116779,-5.316398105
3,4.3201,-5,-4.998682444,-3.62307077,-3.477841703,-5.304141865
3,4.3301,-5,-4.988072941,-3.617990873,-3.47453666,-5.29195003
3,4.3401,-5,-4.977530349,-3.61294272,-3.471252503,-5.279822142
3,4.3501,-5,-4.967054005,-3.607926016,-3.468635599,-5.267757743
3,4.3601,-5,-4.956643256,-3.602940468,-3.465309368,-5.255756387
3,4.3701,-5,-4.946297121,-3.597985786,-3.462003988,-5.243817628
3,4.3801,-5,-4.936015653,-3.593061685,-3.458719298,-5.23194103
3,4.3901,-5,-4.925797866,-3.588167884,-3.455455141,-5.220126161
3,4.4001,-5,-4.915643137,-3.583304103,-3.452211359,-5.208372596
3,4.4101,-5,-4.905550854,-3.578470069,-3.448987797,-5.196679917
3,4.4201,-5,-4.895520411,-3.573665508,-3.445784301,-5.18504771
3,4.4301,-5,-4.885551211,-3.568890152,-3.442600718,-5.173475569
3,4.4401,-5,-4.875642664,-3.564143737,-3.439436896,-5.161963096
3,4.4501,-5,-4.865794186,-3.559426,-3.436292685,-5.150509899
3,4.4601,-5,-4.856005204,-3.554736681,-3.433167936,-5.139115591
3,4.4701,-5,-4.846275149,-3.550075526,-3.430062501,-5.127779796
3,4.4801,-5,-4.836603461,-3.545442282,-3.426976234,-5.116452144
3,4.4901,-5,-4.826989587,-3.561990633,-3.423908988,-5.105232271
3,4.5001,-5,-4.81743273,-3.557256811,-3.420860621,-5.094069823
3,4.5101,-5,-4.807932491,-3.552551358,-3.41783099,-5.082964454
3,4.5201,-5,-4.798488462,-3.547873955,-3.414819953,-5.071915827
3,4.5301,-5,-4.789100125,-3.543224292,-3.41182737,-5.060922264
3,4.5401,-5,-4.779766966,-3.53860206,-3.40839541,-5.049978823
3,4.5501,-5,-4.770488475,-3.534006958,-3.405361111,-5.03909029
3,4.5601,-5,-4.761264152,-3.529438689,-3.402345226,-5.028256278
3,4.5701,-5,-4.752093496,-3.524896963,-3.399347614,-5.017476405
3,4.5801,-5,-4.742976015,-3.520381494,-3.396371231,-5.00675029
3,4.5901,-5,-4.733911221,-3.515892,-3.393409175,-4.996077559
3,4.6001,-5,-4.724898629,-3.511428204,-3.390465076,-4.985457838
3,4.6101,-5,-4.71593776,-3.506989837,-3.387538786,-4.974890758
3,4.6201,-5,-4.70702814,-3.502576629,-3.384630161,-4.964375954
3,4.6301,-5,-4.698169299,-3.498188321,-3.38173906,-4.953913062
3,4.6401,-5,-4.689360772,-3.493824654,-3.378865342,-4.943501725
3,4.6501,-5,-4.680602101,-3.489485374,-3.376008871,-4.933141584
3,4.6601,-5,-4.671892828,-3.485170235,-3.373169512,-4.922832289
3,4.6701,-5,-4.663232507,-3.48087899,-3.37034713,-4.912573489
3,4.6801,-5,-4.654620692,-3.476622957,-3.367541595,-4.902364838
3,4.6901,-5,-4.646056943,-3.47238186,-3.364752778,-4.892205994
3,4.7001,-5,-4.637540828,-3.468164419,-3.361980551,-4.882096616
3,4.7101,-5,-4.629071919,-3.463970429,-3.359224788,-4.87203637
3,4.7201,-5,-4.620649791,-3.459799691,-3.356485365,-4.86202492
3,4.7301,-5,-4.61227403,-3.455652002,-3.353762158,-4.852061939
3,4.7401,-5,-4.603944222,-3.451527166,-3.351055047,-4.842147098
3,4.7501,-5,-4.59565996,-3.447424988,-3.346748221,-4.832280076
3,4.7601,-5,-4.587420844,-3.443345274,-3.343999547,-4.822460553
3,4.7701,-5,-4.579226476,-3.439287833,-3.341266926,-4.812688212
3,4.7801,-5,-4.571076466,-3.435252475,-3.338550239,-4.80296274
3,4.7901,-5,-4.562965226,-3.431239013,-3.335855592,-4.793283828
3,4.8001,-5,-4.55492878,-3.427247262,-3.333168117,-4.783651171
3,4.8101,-5,-4.54690639,-3.423277038,-3.330496886,-4.774064467
3,4.8201,-5,-4.538927094,-3.419328161,-3.327841671,-4.764523416
3,4.8301,-5,-4.530990557,-3.41540045,-3.325202238,-4.755027725
3,4.8401,-5,-4.52308893,-3.411493728,-3.322578363,-4.745577102
3,4.8501,-5,-4.515237997,-3.407607819,-3.319969832,-4.736171262
3,4.8601,-5,-4.507428747,-3.403743348,-3.3173761,-4.726804009
3,4.8701,-5,-4.499660737,-3.39989833,-3.31479797,-4.717485946
3,4.8801,-5,-4.491933554,-3.39607385,-3.312234239,-4.708211695
3,4.8901,-5,-4.484246807,-3.412035238,-3.309685051,-4.698980969
3,4.9001,-5,-4.476600125,-3.40812916,-3.307150225,-4.689793484
3,4.9101,-5,-4.46899315,-3.404226042,-3.30462958,-4.68064896
3,4.9201,-5,-4.461425536,-3.40034309,-3.302122946,-4.67154704
3,4.9301,-5,-4.453896945,-3.396480137,-3.299630155,-4.66248688
3,4.9401,-5,-4.446407047,-3.39263702,-3.297151045,-4.65346878
3,4.9501,-5,-4.438950967,-3.388813577,-3.294694339,-4.644492462
3,4.9601,-5,-4.431539365,-3.385009646,-3.292245308,-4.635557652
3,4.9701,-5,-4.424164778,-3.381225068,-3.289810153,-4.626664079
3,4.9801,-5,-4.416827145,-3.377459684,-3.287388763,-4.617811472
3,4.9901,-5,-4.409526333,-3.373713338,-3.282097047,-4.608999565
3,5,-5,-4.402334613,-3.370023057,-3.279658627,-4.600228091
3,5.01,-5,-4.395260118,-3.366314136,-3.277209234,-4.59149679
3,5.02,-5,-4.388010863,-3.362623793,-3.27477347,-4.582805398
3,5.03,-5,-4.380815345,-3.358951875,-3.272351233,-4.574153659
3,5.04,-5,-4.373668732,-3.355298235,-3.269942425,-4.565541314
3,5.05,-5,-4.366567072,-3.351662723,-3.267546947,-4.556968111
3,5.06,-5,-4.359507198,-3.348045193,-3.265165359,-4.548433795
3,5.07,-5,-4.352487422,-3.344445499,-3.262796197,-4.539938119
3,5.08,-5,-4.345515384,-3.340863497,-3.260440093,-4.531480831
3,5.09,-5,-4.338564447,-3.337299044,-3.25809724,-4.523061688
3,5.1,-5,-4.331649521,-3.333752,-3.255765041,-4.514680444
3,5.11,-5,-4.324778277,-3.330220461,-3.253442382,-4.506336857
3,5.12,-5,-4.317930559,-3.326707706,-3.25112849,-4.498030687
3,5.13,-5,-4.311116266,-3.323211951,-3.248853803,-4.489761696
3,5.14,-5,-4.304335157,-3.319733064,-3.246574428,-4.481529647
3,5.15,-5,-4.297586976,-3.316270911,-3.244307503,-4.473334305
3,5.16,-5,-4.29087146,-3.312825362,-3.242052942,-4.465175438
3,5.17,-5,-4.284188332,-3.309396287,-3.239810661,-4.457052815
3,5.18,-5,-4.277537309,-3.305983556,-3.237580577,-4.448949683
3,5.19,-5,-4.270918099,-3.302587044,-3.235362603,-4.44089961
3,5.2,-5,-4.26433041,-3.299206623,-3.233156657,-4.432885092
3,5.21,-5,-4.257773952,-3.29584217,-3.230962652,-4.424905906
3,5.22,-5,-4.251248443,-3.29249356,-3.228780504,-4.41696183
3,5.23,-5,-4.245504666,-3.289160672,-3.226610129,-4.409052643
3,5.24,-5,-4.23828928,-3.285843385,-3.224451441,-4.401178126
3,5.25,-5,-4.231845976,-3.282541578,-3.218125746,-4.393338063
3,5.26,-5,-4.225452556,-3.279255134,-3.215925194,-4.385532237
3,5.27,-5,-4.219075698,-3.275983935,-3.213736294,-4.377760436
3,5.28,-5,-4.212720204,-3.272727865,-3.211558962,-4.370022448
3,5.29,-5,-4.206415589,-3.269486808,-3.209391542,-4.362318061
3,5.3,-5,-4.200129789,-3.266260651,-3.207236974,-4.354647068
3,5.31,-5,-4.193876326,-3.263049282,-3.205093742,-4.347009262
3,5.32,-5,-4.187646756,-3.259852588,-3.202961768,-4.339404438
3,5.33,-5,-4.181469085,-3.256670459,-3.200840975,-4.331832391
3,5.34,-5,-4.175349767,-3.253503045,-3.198731287,-4.324292919
3,5.35,-5,-4.169123647,-3.250349775,-3.196632628,-4.316785823
3,5.36,-5,-4.163006459,-3.247209702,-3.194544924,-4.309310903
3,5.37,-5,-4.156916256,-3.24408542,-3.1924681,-4.301867962
3,5.38,-5,-4.150852208,-3.240974495,-3.190402082,-4.294456805
3,5.39,-5,-4.14482118,-3.256151414,-3.188346796,-4.287077236
3,5.4,-5,-4.13881347,-3.25293674,-3.186302172,-4.279728965
3,5.41,-5,-4.132832556,-3.249736105,-3.184268136,-4.272411603
3,5.42,-5,-4.126878272,-3.246549405,-3.182244617,-4.265125273
3,5.43,-5,-4.120950476,-3.243376537,-3.180231545,-4.257869788
3,5.44,-5,-4.115049063,-3.240217399,-3.17822885,-4.250644961
3,5.45,-5,-4.109173987,-3.237071117,-3.176236462,-4.243450608
3,5.46,-5,-4.103325286,-3.233939189,-3.174254312,-4.236286543
3,5.47,-5,-4.097503108,-3.230820691,-3.172282332,-4.229152586
3,5.48,-5,-4.091699505,-3.227715522,-3.170320453,-4.222048556
3,5.49,-5,-4.085925692,-3.224623586,-3.16836861,-4.214974272
3,5.5,-5,-4.080177062,-3.221544788,-3.166428054,-4.207929557
3,5.51,-5,-4.07445653,-3.218479032,-3.164495986,-4.200914235
3,5.52,-5,-4.068755509,-3.215426224,-3.162573757,-4.193928129
3,5.53,-5,-4.063080357,-3.21238627,-3.160661302,-4.186971066
3,5.54,-5,-4.057430077,-3.209359079,-3.153195616,-4.180042873
3,5.55,-5,-4.05180417,-3.206344558,-3.151240794,-4.173143379
3,5.56,-5,-4.046192183,-3.203342618,-3.149295725,-4.166272414
3,5.57,-5,-4.040631753,-3.200353167,-3.147360343,-4.159429808
3,5.58,-5,-4.035074716,-3.197376118,-3.14543386,-4.152615394
3,5.59,-5,-4.029541911,-3.194411383,-3.143517731,-4.145829007
3,5.6,-5,-4.024033195,-3.191458874,-3.141611098,-4.13907048
3,5.61,-5,-4.018548305,-3.188518504,-3.139713897,-4.132339651
3,5.62,-5,-4.013086894,-3.185590189,-3.137826068,-4.125636356
3,5.63,-5,-4.00764859,-3.182673844,-3.135947548,-4.118960435
3,5.64,-5,-4.002233224,-3.179769384,-3.134078277,-4.112311727
3,5.65,-5,-3.996840156,-3.176876726,-3.132218196,-4.105690073
3,5.66,-5,-3.991465616,-3.173995789,-3.130367243,-4.099095315
3,5.67,-5,-3.986121643,-3.17112649,-3.12852536,-4.092527341
3,5.68,-5,-3.980797016,-3.16826875,-3.126692488,-4.085985906
3,5.69,-5,-3.975533156,-3.165422486,-3.124868569,-4.079470902
3,5.7,-5,-3.970208309,-3.162587622,-3.123053545,-4.072982175
3,5.71,-5,-3.964950979,-3.159764077,-3.121247358,-4.066519574
3,5.72,-5,-3.959708496,-3.156951774,-3.119449952,-4.060082947
3,5.73,-5,-3.954490645,-3.154150636,-3.117661269,-4.053672145
3,5.74,-5,-3.949294146,-3.151360587,-3.115881255,-4.047287019
3,5.75,-5,-3.944119157,-3.148581551,-3.114109853,-4.040927421
3,5.76,-5,-3.938966279,-3.145811387,-3.112347009,-4.034592656
3,5.77,-5,-3.933836945,-3.143054344,-3.110592668,-4.028282516
3,5.78,-5,-3.928716646,-3.140308074,-3.108846775,-4.02199748
3,5.79,-5,-3.923623999,-3.137572507,-3.107109278,-4.015737404
3,5.8,-5,-3.918551705,-3.134847571,-3.105378057,-4.009502148
3,5.81,-5,-3.913499755,-3.132133195,-3.103657453,-4.003291569
3,5.82,-5,-3.90881986,-3.12942931,-3.101945054,-3.997105529
3,5.83,-5,-3.904137223,-3.126735846,-3.100240812,-3.990943888
3,5.84,-5,-3.898463617,-3.124052735,-3.098544678,-3.984806509
3,5.85,-5,-3.893491237,-3.121379908,-3.096856603,-3.978693255
3,5.86,-5,-3.88853845,-3.118717298,-3.088140443,-3.972603991
3,5.87,-5,-3.883605129,-3.116064838,-3.086409258,-3.96653858
3,5.88,-5,-3.878691148,-3.113422461,-3.084686119,-3.960496891
3,5.89,-5,-3.873796381,-3.110790101,-3.082970978,-3.954478789
3,5.9,-5,-3.868920704,-3.108167693,-3.081263785,-3.948484142
3,5.91,-5,-3.864063992,-3.105555172,-3.079564493,-3.94251282
3,5.92,-5,-3.859226122,-3.102952474,-3.077873054,-3.936564693
3,5.93,-5,-3.85440697,-3.100359535,-3.07618942,-3.93063963
3,5.94,-5,-3.849606415,-3.097776292,-3.074513543,-3.924737505
3,5.95,-5,-3.844824336,-3.095202682,-3.072845378,-3.918858189
3,5.96,-5,-3.840060612,-3.092638644,-3.071184875,-3.913001556
3,5.97,-5,-3.835315126,-3.090084114,-3.06953199,-3.907167481
3,5.98,-5,-3.830587762,-3.087539033,-3.067886675,-3.901355838
3,5.99,-5,-3.825878407,-3.08500334,-3.066248884,-3.895566504
3,6,-5,-3.821186949,-3.082476975,-3.064618572,-3.889799355
3,6.01,-5,-3.816511605,-3.096209313,-3.062995693,-3.88410427
3,6.02,-5,-3.811855883,-3.093570994,-3.061380201,-3.878381128
3,6.03,-5,-3.80721776,-3.090942055,-3.059772053,-3.872679807
3,6.04,-5,-3.802597088,-3.088322436,-3.058171202,-3.867000189
3,6.05,-5,-3.797993728,-3.085712079,-3.056577606,-3.861342154
3,6.06,-5,-3.793407555,-3.083110927,-3.054991219,-3.855705585
3,6.07,-5,-3.788838458,-3.080518921,-3.053411998,-3.850090364
3,6.08,-5,-3.784286336,-3.077936005,-3.0518399,-3.844496375
3,6.09,-5,-3.779747206,-3.075362124,-3.050274881,-3.838923502
3,6.1,-5,-3.77523271,-3.072797257,-3.048716899,-3.833371631
3,6.11,-5,-3.77073139,-3.070241237,-3.047165911,-3.827840648
3,6.12,-5,-3.76624871,-3.067694124,-3.045621875,-3.82233044
3,6.13,-5,-3.761777061,-3.065155822,-3.044084749,-3.816840894
3,6.14,-5,-3.757324448,-3.06262628,-3.042554492,-3.811371898
3,6.15,-5,-3.752888855,-3.060105444,-3.041031061,-3.805923342
3,6.16,-5,-3.748469111,-3.05759326,-3.039514572,-3.800495116
3,6.17,-5,-3.744065472,-3.055089833,-3.038004644,-3.79508711
3,6.18,-5,-3.739677839,-3.052594776,-3.036502255,-3.789699216
3,6.19,-5,-3.735306114,-3.050108218,-3.035004879,-3.784331325
3,6.2,-5,-3.7309502,-3.047630108,-3.033514961,-3.778983332
3,6.21,-5,-3.726610003,-3.045160394,-3.032031631,-3.773655128
3,6.22,-5,-3.722285429,-3.042699025,-3.030554851,-3.76834661
3,6.23,-5,-3.717976387,-3.040245952,-3.020366588,-3.763057671
3,6.24,-5,-3.713682786,-3.037801125,-3.018845755,-3.757788207
3,6.25,-5,-3.709404536,-3.035364494,-3.017331463,-3.752538115
3,6.26,-5,-3.705140697,-3.032936011,-3.015823671,-3.747307293
3,6.27,-5,-3.700892739,-3.030515628,-3.014322341,-3.742095637
3,6.28,-5,-3.696663305,-3.028103296,-3.012827435,-3.736903047
3,6.29,-5,-3.692443658,-3.025698967,-3.011338914,-3.731729422
3,6.3,-5,-3.688240818,-3.023302596,-3.00985674,-3.726574661
3,6.31,-5,-3.684052788,-3.020914134,-3.008380877,-3.721438665
3,6.32,-5,-3.679879483,-3.018533536,-3.006911286,-3.716321336
3,6.33,-5,-3.675720815,-3.016160756,-3.005447931,-3.711222575
3,6.34,-5,-3.6715767,-3.013795748,-3.003990775,-3.706142285
3,6.35,-5,-3.667447052,-3.011438467,-3.002539782,-3.701080369
3,6.36,-5,-3.663331788,-3.009088868,-3.001094916,-3.696036731
3,6.37,-5,-3.659230824,-3.006746908,-2.999656141,-3.691011276
3,6.38,-5,-3.655144076,-3.004412541,-2.998223421,-3.686003909
3,6.39,-5,-3.651071464,-3.002085724,-2.996796722,-3.681014535
3,6.4,-5,-3.647012905,-2.999766415,-2.995376008,-3.676043061
3,6.41,-5,-3.642968319,-2.997454569,-2.993961245,-3.671089393
3,6.42,-5,-3.638937625,-2.995150145,-2.992549806,-3.666153441
3,6.43,-5,-3.634920745,-2.992853101,-2.991147187,-3.661235111
3,6.44,-5,-3.630917598,-2.990563393,-2.989750372,-3.656334313
3,6.45,-5,-3.626928106,-2.988280982,-2.988359332,-3.651450956
3,6.46,-5,-3.622952193,-2.986005825,-2.98697404,-3.646584951
3,6.47,-5,-3.618989781,-2.983737882,-2.985594462,-3.641736208
3,6.48,-5,-3.615040793,-2.981477113,-2.984220576,-3.636904637
3,6.49,-5,-3.611105154,-2.97922058,-2.982852349,-3.632090152
3,6.5,-5,-3.607182788,-2.976974304,-2.981489752,-3.627292665
3,6.51,-5,-3.603273621,-2.974735058,-2.980132756,-3.622512088
3,6.52,-5,-3.599377579,-2.972502804,-2.97878133,-3.617748336
3,6.53,-5,-3.595494587,-2.970277504,-2.977435445,-3.613001321
3,6.54,-5,-3.591624574,-2.968059125,-2.976095072,-3.60827096
3,6.55,-5,-3.587767467,-2.965847628,-2.974760179,-3.603557167
3,6.56,-5,-3.583923193,-2.963642976,-2.973430738,-3.598859859
3,6.57,-5,-3.580091683,-2.961445134,-2.972106719,-3.59417895
3,6.58,-5,-3.576272864,-2.959254064,-2.970788353,-3.58951436
3,6.59,-5,-3.572466668,-2.957069733,-2.969475051,-3.584866004
3,6.6,-5,-3.568673023,-2.954892102,-2.968167088,-3.580233802
3,6.61,-5,-3.564891862,-2.952721138,-2.966864433,-3.575617671
3,6.62,-5,-3.561123116,-2.950556804,-2.965567056,-3.571017531
3,6.63,-5,-3.557366716,-2.948399066,-2.964274929,-3.566433301
3,6.64,-5,-3.553622595,-2.946247889,-2.962988021,-3.561864901
3,6.65,-5,-3.549890687,-2.944103237,-2.961706305,-3.557312253
3,6.66,-5,-3.546170924,-2.941965077,-2.949757343,-3.552775277
3,6.67,-5,-3.54246324,-2.939833374,-2.94843046,-3.548253895
3,6.68,-5,-3.538764603,-2.937708094,-2.947108765,-3.543748029
3,6.69,-5,-3.53508081,-2.935589203,-2.945792229,-3.539257602
3,6.7,-5,-3.531408898,-2.933476667,-2.944480823,-3.534782537
3,6.71,-5,-3.527748806,-2.931370454,-2.94317452,-3.530322757
3,6.72,-5,-3.5245769,-2.929270559,-2.94187329,-3.525878188
3,6.73,-5,-3.520927171,-2.927176863,-2.940577106,-3.521448753
3,6.74,-5,-3.517288976,-2.92508942,-2.93928594,-3.517034378
3,6.75,-5,-3.513662266,-2.923008404,-2.937999765,-3.512634989
3,6.76,-5,-3.510046994,-2.920933287,-2.936718552,-3.50825051
3,6.77,-5,-3.506443115,-2.918864299,-2.935442275,-3.50388087
3,6.78,-5,-3.50285058,-2.916801408,-2.934173778,-3.499525996
3,6.79,-5,-3.499269346,-2.914744583,-2.932906974,-3.495185814
3,6.8,-5,-3.495699365,-2.925631116,-2.931645058,-3.490860252
3,6.81,-5,-3.492140594,-2.923456657,-2.930388002,-3.486550086
3,6.82,-5,-3.488592987,-2.921288407,-2.929135775,-3.482256978
3,6.83,-5,-3.485056499,-2.919126335,-2.927888349,-3.477978105
3,6.84,-5,-3.481531088,-2.916970411,-2.926645695,-3.473713399
3,6.85,-5,-3.478016709,-2.914820603,-2.925407785,-3.469462798
3,6.86,-5,-3.474513318,-2.912676881,-2.924174591,-3.465226236
3,6.87,-5,-3.471020874,-2.910539215,-2.922946087,-3.46100365
3,6.88,-5,-3.467539332,-2.908407576,-2.921722246,-3.456794977
3,6.89,-5,-3.46406865,-2.906281934,-2.92050304,-3.452600153
3,6.9,-5,-3.460608787,-2.904165297,-2.919288443,-3.448369116
3,6.91,-5,-3.457159699,-2.902051346,-2.918078432,-3.444201805
3,6.92,-5,-3.453721345,-2.899943351,-2.916872978,-3.440048156
3,6.93,-5,-3.450293684,-2.897841181,-2.915672057,-3.435908109
3,6.94,-5,-3.446876674,-2.895744973,-2.914475644,-3.431781603
3,6.95,-5,-3.443470274,-2.893654482,-2.913283715,-3.427668577
3,6.96,-5,-3.440074442,-2.891569857,-2.912096243,-3.423568972
3,6.97,-5,-3.436689138,-2.88949101,-2.910913206,-3.419482726
3,6.98,-5,-3.433314322,-2.887417912,-2.909734579,-3.41540978
3,6.99,-5,-3.429949952,-2.885350535,-2.908560339,-3.411350076
3,7,-5,-3.426595988,-2.883288852,-2.907390461,-3.407303554
3,7.01,-5,-3.42325239,-2.881232835,-2.906224922,-3.403270155
3,7.02,-5,-3.419808813,-2.879182456,-2.905063698,-3.399249822
3,7.03,-5,-3.416506449,-2.877137688,-2.903906768,-3.395242496
3,7.04,-5,-3.413203367,-2.875098504,-2.902754108,-3.39124812
3,7.05,-5,-3.409910181,-2.873064877,-2.901605695,-3.387266637
3,7.06,-5,-3.406626843,-2.871036781,-2.900461506,-3.383297989
3,7.07,-5,-3.4033533,-2.869014189,-2.89932152,-3.379342119
3,7.08,-5,-3.400089503,-2.866997076,-2.898185715,-3.375398972
3,7.09,-5,-3.396835404,-2.864985414,-2.897054067,-3.371468491
3,7.1,-5,-3.393576356,-2.862979179,-2.895926556,-3.367550619
3,7.11,-5,-3.390457145,-2.860978344,-2.89480316,-3.363645302
3,7.12,-5,-3.38724217,-2.858982885,-2.893683857,-3.359752483
3,7.13,-5,-3.38403679,-2.856992777,-2.892568625,-3.355872108
3,7.14,-5,-3.380840942,-2.855007994,-2.878595699,-3.352004122
3,7.15,-5,-3.377654566,-2.853028512,-2.877433994,-3.348148469
3,7.16,-5,-3.374477603,-2.851054305,-2.876276364,-3.344305096
3,7.17,-5,-3.371309993,-2.84908535,-2.875122789,-3.340473948
3,7.18,-5,-3.368151679,-2.847121622,-2.873973248,-3.336654971
3,7.19,-5,-3.365002605,-2.845163098,-2.872827719,-3.332848111
3,7.2,-5,-3.361862713,-2.843209753,-2.871686183,-3.329053315
3,7.21,-5,-3.358731948,-2.841261563,-2.870548618,-3.325270529
3,7.22,-5,-3.355610255,-2.839318506,-2.869415004,-3.3214997
3,7.23,-5,-3.352497581,-2.837380558,-2.868285321,-3.317740775
3,7.24,-5,-3.349393872,-2.835447695,-2.867159548,-3.313993701
3,7.25,-5,-3.346299076,-2.833519894,-2.866037666,-3.310258424
3,7.26,-5,-3.343213141,-2.831597134,-2.864919655,-3.306534894
3,7.27,-5,-3.340136014,-2.82967939,-2.863805495,-3.302823056
3,7.28,-5,-3.337067647,-2.82776664,-2.862695166,-3.29912286
3,7.29,-5,-3.334007988,-2.825858863,-2.861588649,-3.295434252
3,7.3,-5,-3.330658557,-2.823956035,-2.860485925,-3.291757182
3,7.31,-5,-3.327606323,-2.822058135,-2.859386974,-3.28807004
3,7.32,-5,-3.324562763,-2.820165141,-2.858291777,-3.284447878
3,7.33,-5,-3.321527837,-2.818277031,-2.857200316,-3.280795938
3,7.34,-5,-3.318501505,-2.816393783,-2.856112571,-3.277164152
3,7.35,-5,-3.315483725,-2.814515376,-2.855028524,-3.27355216
3,7.36,-5,-3.312474456,-2.812641788,-2.853948156,-3.269909873
3,7.37,-5,-3.30947366,-2.810772999,-2.852871449,-3.266336603
3,7.38,-5,-3.306481296,-2.808908987,-2.851798384,-3.262750225
3,7.39,-5,-3.303497324,-2.807049731,-2.850725523,-3.259175065
3,7.4,-5,-3.300521706,-2.805195211,-2.849660026,-3.255611109
3,7.41,-5,-3.297554403,-2.803345406,-2.848598087,-3.25205834
3,7.42,-5,-3.294595374,-2.801500295,-2.84753969,-3.248516742
3,7.43,-5,-3.291644583,-2.799659858,-2.846484819,-3.244986302
3,7.44,-5,-3.288701991,-2.797824076,-2.84543346,-3.241467006
3,7.45,-5,-3.28576756,-2.795992927,-2.844385596,-3.23795884
3,7.46,-5,-3.282841252,-2.794166392,-2.843341213,-3.234461793
3,7.47,-5,-3.27992303,-2.79234445,-2.842300294,-3.230975852
3,7.48,-5,-3.277012855,-2.790527084,-2.841262824,-3.227501008
3,7.49,-5,-3.274110693,-2.788714271,-2.840228787,-3.22403725
3,7.5,-5,-3.271216505,-2.786905994,-2.839198168,-3.220584569
3,7.51,-5,-3.268330255,-2.785102234,-2.83817095,-3.217092956
3,7.52,-5,-3.265451907,-2.783302969,-2.837147119,-3.213662402
3,7.53,-5,-3.262581425,-2.781508183,-2.836126659,-3.210242902
3,7.54,-5,-3.259718773,-2.779717855,-2.835109553,-3.206834448
3,7.55,-5,-3.256863915,-2.777931967,-2.834095788,-3.203432032
3,7.56,-5,-3.254016816,-2.776150501,-2.833085346,-3.200037392
3,7.57,-5,-3.251177441,-2.774373437,-2.832078212,-3.196652974
3,7.58,-5,-3.248345755,-2.772600757,-2.831074372,-3.193278733
3,7.59,-5,-3.245521723,-2.770832443,-2.830073808,-3.189911323
3,7.6,-5,-3.242705312,-2.769068477,-2.829076508,-3.186556741
3,7.61,-5,-3.239896485,-2.76730884,-2.828082453,-3.183212135
3,7.62,-5,-3.237095211,-2.765553515,-2.827091631,-3.179877453
3,7.63,-5,-3.234301454,-2.763802483,-2.826104024,-3.176552647
3,7.64,-5,-3.231515181,-2.762055727,-2.825119619,-3.173237666
3,7.65,-5,-3.22873636,-2.76031323,-2.8241384,-3.169932461
3,7.66,-5,-3.225964955,-2.758574982,-2.823160352,-3.166636982
3,7.67,-5,-3.223200936,-2.756840938,-2.82218546,-3.163351179
3,7.68,-5,-3.220444268,-2.75511111,-2.821213709,-3.160075004
3,7.69,-5,-3.21769492,-2.75338547,-2.820245084,-3.156808406
3,7.7,-5,-3.214952859,-2.751664002,-2.819279571,-3.153551335
3,7.71,-5,-3.212218053,-2.749946688,-2.802785239,-3.150303741
3,7.72,-5,-3.20949047,-2.748233512,-2.801771971,-3.147065575
3,7.73,-5,-3.206770078,-2.746524456,-2.800761823,-3.143836787
3,7.74,-5,-3.204056846,-2.744819504,-2.799754782,-3.140617326
3,7.75,-5,-3.201350742,-2.74311864,-2.798750833,-3.137407143
3,7.76,-5,-3.198651736,-2.741421846,-2.797749961,-3.134256188
3,7.77,-5,-3.195959796,-2.739729107,-2.796752153,-3.13106441
3,7.78,-5,-3.193274891,-2.738040406,-2.795757393,-3.12788176
3,7.79,-5,-3.190596992,-2.736355727,-2.794765667,-3.124708186
3,7.8,-5,-3.187926066,-2.734675054,-2.793776962,-3.121543639
3,7.81,-5,-3.185262086,-2.741383636,-2.792791264,-3.118388069
3,7.82,-5,-3.182605019,-2.739590111,-2.791808558,-3.115241424
3,7.83,-5,-3.179954838,-2.737800793,-2.79082883,-3.112104432
3,7.84,-5,-3.177311511,-2.736015668,-2.789852067,-3.108979885
3,7.85,-5,-3.174675009,-2.734234719,-2.788878255,-3.105864397
3,7.86,-5,-3.172045304,-2.73245793,-2.78790738,-3.102757931
3,7.87,-5,-3.169422366,-2.730685217,-2.786939429,-3.09966045
3,7.88,-5,-3.166806166,-2.728916772,-2.785974387,-3.096571915
3,7.89,-5,-3.164196675,-2.72715236,-2.785012243,-3.093492289
3,7.9,-5,-3.161593865,-2.72539207,-2.784052981,-3.090421535
3,7.91,-5,-3.158997707,-2.72363585,-2.783096589,-3.087359616
3,7.92,-5,-3.156408174,-2.721883732,-2.782143054,-3.084306495
3,7.93,-5,-3.153825237,-2.720135602,-2.781192362,-3.081262137
3,7.94,-5,-3.151250184,-2.718391447,-2.7802445,-3.078226505
3,7.95,-5,-3.148680364,-2.716651504,-2.779299456,-3.075199562
3,7.96,-5,-3.146117056,-2.714915474,-2.778357216,-3.072181273
3,7.97,-5,-3.143560233,-2.713183437,-2.777417767,-3.069171603
3,7.98,-5,-3.141009868,-2.711455379,-2.776481097,-3.066170517
3,7.99,-5,-3.138465933,-2.709731283,-2.775547193,-3.063177978
3,8,-5,-3.135928401,-2.708011136,-2.774616042,-3.060193953
3,8.01,-5,-3.133397246,-2.706294924,-2.773687632,-3.057218407
3,8.02,-5,-3.130872442,-2.704582631,-2.772761951,-3.054251305
3,8.03,-5,-3.128353961,-2.702874237,-2.771838985,-3.051292614
3,8.04,-5,-3.125841778,-2.701169741,-2.770920543,-3.048342299
3,8.05,-5,-3.123335866,-2.699469129,-2.770002719,-3.045400327
3,8.06,-5,-3.1208362,-2.697772372,-2.769087603,-3.042466664
3,8.07,-5,-3.118342753,-2.696079463,-2.768175181,-3.039541277
3,8.08,-5,-3.1158555,-2.694390389,-2.767265438,-3.036624134
3,8.09,-5,-3.113374416,-2.692705135,-2.766358361,-3.033715201
3,8.1,-5,-3.110899474,-2.691023688,-2.765453932,-3.030814445
3,8.11,-5,-3.10843065,-2.689346034,-2.76455214,-3.027921836
3,8.12,-5,-3.10596792,-2.687672159,-2.76365297,-3.02503734
3,8.13,-5,-3.103511256,-2.68600205,-2.76275641,-3.022160925
3,8.14,-5,-3.101060636,-2.684335693,-2.761862444,-3.019292561
3,8.15,-5,-3.098616034,-2.682673074,-2.760971062,-3.016432216
3,8.16,-5,-3.096177427,-2.681014179,-2.760082251,-3.013579859
3,8.17,-5,-3.093744788,-2.679358995,-2.759195998,-3.010735458
3,8.18,-5,-3.091318095,-2.67770751,-2.758312289,-3.007898984
3,8.19,-5,-3.088897324,-2.67605971,-2.757431113,-3.005070406
3,8.2,-5,-3.086482449,-2.674415581,-2.756552457,-3.002249694
3,8.21,-5,-3.084073449,-2.672775111,-2.755676312,-2.999436817
3,8.22,-5,-3.081670298,-2.671138286,-2.754802661,-2.996631747
3,8.23,-5,-3.079272973,-2.669505093,-2.753931496,-2.993834454
3,8.24,-5,-3.076881452,-2.667875521,-2.753062804,-2.991044909
3,8.25,-5,-3.07449571,-2.666249555,-2.752196572,-2.988263082
3,8.26,-5,-3.072115725,-2.664627183,-2.751332793,-2.985488946
3,8.27,-5,-3.069741474,-2.663008392,-2.750471453,-2.982722472
3,8.28,-5,-3.067372933,-2.661393169,-2.749612542,-2.979963631
3,8.29,-5,-3.065010081,-2.659781503,-2.748756048,-2.977212396
3,8.3,-5,-3.062652893,-2.65817338,-2.747908323,-2.974468739
3,8.31,-5,-3.060301349,-2.656568789,-2.747054892,-2.971732633
3,8.32,-5,-3.057955426,-2.654967716,-2.746204201,-2.96900405
3,8.33,-5,-3.055615101,-2.653370149,-2.745356197,-2.966282964
3,8.34,-5,-3.053280353,-2.651776076,-2.744510828,-2.963569348
3,8.35,-5,-3.050951159,-2.650185485,-2.743668043,-2.960863177
3,8.36,-5,-3.048627497,-2.648598364,-2.742827791,-2.958164422
3,8.37,-5,-3.046309346,-2.647014701,-2.741990023,-2.95542306
3,8.38,-5,-3.043996685,-2.645434483,-2.722398999,-2.952739064
3,8.39,-5,-3.041689491,-2.643857698,-2.721512678,-2.95006241
3,8.4,-5,-3.039387744,-2.642284336,-2.72062871,-2.947393071
3,8.41,-5,-3.037091422,-2.640714383,-2.71975403,-2.944731024
3,8.42,-5,-3.034800505,-2.639147829,-2.718872972,-2.942076244
3,8.43,-5,-3.03251497,-2.637584661,-2.717994568,-2.939428707
3,8.44,-5,-3.030234797,-2.636024868,-2.71711877,-2.936788389
3,8.45,-5,-3.027959966,-2.634468438,-2.716245537,-2.934155267
3,8.46,-5,-3.025690456,-2.632915359,-2.715374817,-2.931529316
3,8.47,-5,-3.023426246,-2.631365621,-2.714506569,-2.928910515
3,8.48,-5,-3.021167316,-2.629819211,-2.713640747,-2.92629884
3,8.49,-5,-3.018913645,-2.6282761,-2.712777314,-2.923693479
3,8.5,-5,-3.016665214,-2.626736313,-2.711916225,-2.921093093
3,8.51,-5,-3.014422002,-2.625199842,-2.711057439,-2.918499627
3,8.52,-5,-3.01218399,-2.623666634,-2.710105722,-2.915913056
3,8.53,-5,-3.009951156,-2.622136699,-2.709346614,-2.913333351
3,8.54,-5,-3.007723483,-2.620610026,-2.708494496,-2.910760487
3,8.55,-5,-3.005500949,-2.619086602,-2.707644523,-2.908194436
3,8.56,-5,-3.003283536,-2.617566418,-2.706796658,-2.905635172
3,8.57,-5,-3.001071223,-2.616049463,-2.705950863,-2.90308267
3,8.58,-5,-2.998863993,-2.614535725,-2.705107101,-2.900536902
3,8.59,-5,-2.996661825,-2.613025194,-2.704265337,-2.897997843
3,8.6,-5,-2.9944647,-2.611517859,-2.703425535,-2.895465467
3,8.61,-5,-2.9922726,-2.61001371,-2.702587661,-2.892939749
3,8.62,-5,-2.990085505,-2.608512735,-2.701751681,-2.890420662
3,8.63,-5,-2.987903397,-2.607014924,-2.700917561,-2.88790818
3,8.64,-5,-2.985726256,-2.605520267,-2.70009353,-2.88540228
3,8.65,-5,-2.983554065,-2.604028753,-2.699265208,-2.882902935
3,8.66,-5,-2.981386805,-2.602540371,-2.698438991,-2.880410121
3,8.67,-5,-2.979224456,-2.601055112,-2.697614871,-2.877923812
3,8.68,-5,-2.977067002,-2.599572964,-2.696792838,-2.875443983
3,8.69,-5,-2.974914424,-2.598093918,-2.695972885,-2.872970611
3,8.7,-5,-2.972766703,-2.596617964,-2.695155001,-2.87050367
3,8.71,-5,-2.970623823,-2.59514509,-2.694339179,-2.868043136
3,8.72,-5,-2.968485763,-2.593675288,-2.693525409,-2.865588985
3,8.73,-5,-2.966352508,-2.592208547,-2.692713683,-2.863141192
3,8.74,-5,-2.964224039,-2.590744856,-2.691903993,-2.860699733
3,8.75,-5,-2.962100339,-2.589284206,-2.691096328,-2.858264585
3,8.76,-5,-2.959981389,-2.587826587,-2.690290682,-2.855835723
3,8.77,-5,-2.957867173,-2.586371989,-2.689487044,-2.853413125
3,8.78,-5,-2.955757673,-2.584920718,-2.688685406,-2.850996766
3,8.79,-5,-2.953652872,-2.583471817,-2.687885761,-2.848586623
3,8.8,-5,-2.951552753,-2.582026223,-2.687088098,-2.846182672
3,8.81,-5,-2.949457298,-2.580583611,-2.68629241,-2.843784891
3,8.82,-5,-2.947366491,-2.579143971,-2.685498688,-2.841393257
3,8.83,-5,-2.945280315,-2.577707294,-2.684706924,-2.839007746
3,8.84,-5,-2.943198753,-2.57627357,-2.683917108,-2.836628336
3,8.85,-5,-2.941121787,-2.574842789,-2.683129232,-2.834255004
3,8.86,-5,-2.939049402,-2.573414943,-2.682343289,-2.831887727
3,8.87,-5,-2.936981581,-2.571990021,-2.681559269,-2.829526484
3,8.88,-5,-2.934918308,-2.570568014,-2.680777163,-2.827171251
3,8.89,-5,-2.932859566,-2.569148914,-2.679996964,-2.824822007
3,8.9,-5,-2.930805338,-2.56773441,-2.679218663,-2.82247873
3,8.91,-5,-2.928755609,-2.566320982,-2.678442251,-2.820141397
3,8.92,-5,-2.926710362,-2.564910438,-2.67766772,-2.817809987
3,8.93,-5,-2.924669581,-2.563502769,-2.676895062,-2.815484478
3,8.94,-5,-2.922633251,-2.562097965,-2.676124268,-2.813164848
3,8.95,-5,-2.920601355,-2.560696017,-2.67535533,-2.810851077
3,8.96,-5,-2.918573878,-2.559296916,-2.674590178,-2.808543143
3,8.97,-5,-2.916550804,-2.557900653,-2.673825139,-2.806241024
3,8.98,-5,-2.914532117,-2.556507217,-2.673061948,-2.803944699
3,8.99,-5,-2.912517802,-2.555116601,-2.672300599,-2.801654149
3,9,-5,-2.910507843,-2.553728794,-2.671541083,-2.799369351
3,9.01,-5,-2.908502225,-2.552343789,-2.670783393,-2.797090285
3,9.02,-5,-2.906500932,-2.550961575,-2.670027522,-2.794816931
3,9.03,-5,-2.904503949,-2.549582145,-2.669273463,-2.792549268
3,9.04,-5,-2.902511262,-2.548205488,-2.668521208,-2.790287276
3,9.05,-5,-2.900522854,-2.546831597,-2.667770751,-2.788030934
3,9.06,-5,-2.898538711,-2.545460462,-2.667022084,-2.785780223
3,9.07,-5,-2.896558819,-2.544092074,-2.6662752,-2.783535123
3,9.08,-5,-2.894583161,-2.542726426,-2.665530093,-2.781295613
3,9.09,-5,-2.892611723,-2.541363507,-2.664786755,-2.779061675
3,9.1,-5,-2.890644491,-2.540003311,-2.664045179,-2.776833289
3,9.11,-5,-2.88868145,-2.538645827,-2.663305358,-2.774610435
3,9.12,-5,-2.886722586,-2.537291048,-2.662567285,-2.772393093
3,9.13,-5,-2.884767883,-2.535938964,-2.661830955,-2.770181246
3,9.14,-5,-2.882817327,-2.534589569,-2.661096358,-2.767970893
3,9.15,-5,-2.880870905,-2.533242852,-2.66036349,-2.765769711
3,9.16,-5,-2.878928601,-2.531898806,-2.659632343,-2.763573951
3,9.17,-5,-2.876990402,-2.53055742,-2.65890291,-2.761383568
3,9.18,-5,-2.875056293,-2.532263914,-2.63550231,-2.759198488
3,9.19,-5,-2.87312626,-2.530824604,-2.634723955,-2.757018765
3,9.2,-5,-2.87120029,-2.529388161,-2.633947343,-2.754844383
3,9.21,-5,-2.869278368,-2.527954575,-2.633172466,-2.75267532
3,9.22,-5,-2.86736048,-2.526523838,-2.632399318,-2.750511558
3,9.23,-5,-2.865446613,-2.525095941,-2.631627893,-2.748353078
3,9.24,-5,-2.863536753,-2.523670876,-2.630858184,-2.746199861
3,9.25,-5,-2.861630886,-2.522248702,-2.630090184,-2.744051887
3,9.26,-5,-2.859728999,-2.520829215,-2.629323886,-2.741909139
3,9.27,-5,-2.857831079,-2.519412595,-2.628559286,-2.739771597
3,9.28,-5,-2.85593711,-2.517998773,-2.627796375,-2.737639244
3,9.29,-5,-2.854047081,-2.516587741,-2.627035147,-2.73551807
3,9.3,-5,-2.852160978,-2.515179491,-2.626275597,-2.733396141
3,9.31,-5,-2.850278788,-2.513774014,-2.625517718,-2.731279345
3,9.32,-5,-2.848400497,-2.512371302,-2.624761503,-2.729167663
3,9.33,-5,-2.846526092,-2.510971347,-2.624006947,-2.727061077
3,9.34,-5,-2.844655561,-2.509574141,-2.623254042,-2.724959569
3,9.35,-5,-2.84278889,-2.508179676,-2.622502784,-2.722863121
3,9.36,-5,-2.840926066,-2.506787943,-2.621753165,-2.720771716
3,9.37,-5,-2.839067076,-2.505398935,-2.62100518,-2.718685334
3,9.38,-5,-2.837211909,-2.504012644,-2.620258822,-2.716603959
3,9.39,-5,-2.835360549,-2.502629062,-2.619514086,-2.714527573
3,9.4,-5,-2.833512986,-2.50124818,-2.618770965,-2.712456157
3,9.41,-5,-2.831669207,-2.499869992,-2.618029453,-2.710389696
3,9.42,-5,-2.8298357,-2.498494488,-2.617289544,-2.70832817
3,9.43,-5,-2.827999258,-2.497121662,-2.616551233,-2.706271563
3,9.44,-5,-2.826166566,-2.495751505,-2.615814513,-2.704219857
3,9.45,-5,-2.824337611,-2.49438401,-2.615079378,-2.702173036
3,9.46,-5,-2.822512382,-2.493019169,-2.614345824,-2.700131081
3,9.47,-5,-2.820690865,-2.491656974,-2.613613843,-2.698093977
3,9.48,-5,-2.81887305,-2.490297418,-2.612883429,-2.696061705
3,9.49,-5,-2.817058922,-2.488940492,-2.612154578,-2.69403425
3,9.5,-5,-2.815248471,-2.487586191,-2.611427284,-2.692011594
3,9.51,-5,-2.813441683,-2.486240023,-2.610701539,-2.68999372
3,9.52,-5,-2.811638548,-2.48489039,-2.60997734,-2.687980612
3,9.53,-5,-2.809839053,-2.483543399,-2.60925468,-2.685972254
3,9.54,-5,-2.808043186,-2.482199039,-2.608533554,-2.683968628
3,9.55,-5,-2.806250935,-2.480857302,-2.607813955,-2.681969718
3,9.56,-5,-2.804462289,-2.479518178,-2.607095879,-2.679975508
3,9.57,-5,-2.802677235,-2.478181659,-2.60637932,-2.677985982
3,9.58,-5,-2.800895762,-2.476847736,-2.605664271,-2.676001123
3,9.59,-5,-2.799117859,-2.4755164,-2.604950729,-2.674020915
3,9.6,-5,-2.797343513,-2.474187641,-2.604238686,-2.672045342
3,9.61,-5,-2.795572713,-2.472861421,-2.603528138,-2.670074389
3,9.62,-5,-2.793805448,-2.471537704,-2.60281908,-2.668108038
3,9.63,-5,-2.792041707,-2.470216744,-2.602111505,-2.666146275
3,9.64,-5,-2.790281476,-2.468898209,-2.601405409,-2.664189084
3,9.65,-5,-2.788524747,-2.467582207,-2.600700786,-2.662236448
3,9.66,-5,-2.786771506,-2.466268732,-2.59999763,-2.660288352
3,9.67,-5,-2.785021744,-2.464957773,-2.599295937,-2.658344781
3,9.68,-5,-2.783275448,-2.463649324,-2.598595701,-2.656405719
3,9.69,-5,-2.781532608,-2.462343374,-2.597896917,-2.654471151
3,9.7,-5,-2.779793212,-2.461039917,-2.597199579,-2.65254106
3,9.71,-5,-2.778057249,-2.459738944,-2.596503683,-2.650615433
3,9.72,-5,-2.77632471,-2.458440446,-2.595809222,-2.648694254
3,9.73,-5,-2.774595581,-2.457144416,-2.595116193,-2.646777507
3,9.74,-5,-2.772869854,-2.455850845,-2.59442459,-2.644865177
3,9.75,-5,-2.771147516,-2.454559725,-2.593734407,-2.64295725
3,9.76,-5,-2.769428557,-2.453271049,-2.59304564,-2.64105371
3,9.77,-5,-2.767712967,-2.451984804,-2.592358283,-2.639154543
3,9.78,-5,-2.766000734,-2.450700991,-2.591672331,-2.637259734
3,9.79,-5,-2.764291848,-2.449419601,-2.59098778,-2.635369268
3,9.8,-5,-2.762586299,-2.448696919,-2.590304625,-2.633483129
3,9.81,-5,-2.760884075,-2.446999665,-2.589622859,-2.631601305
3,9.82,-5,-2.759185167,-2.44530664,-2.588942479,-2.62972378
3,9.83,-5,-2.757489564,-2.443617842,-2.58826348,-2.627850539
3,9.84,-5,-2.755797255,-2.443048656,-2.587585856,-2.625981568
3,9.85,-5,-2.75410823,-2.441781618,-2.586909602,-2.624116853
3,9.86,-5,-2.75242248,-2.440516946,-2.586234696,-2.62225638
3,9.87,-5,-2.750739993,-2.439254633,-2.585561196,-2.620400134
3,9.88,-5,-2.749060759,-2.437994671,-2.584889017,-2.6185481
3,9.89,-5,-2.747384768,-2.436737053,-2.584218197,-2.616700266
3,9.9,-5,-2.745712011,-2.435481772,-2.583548724,-2.614856617
3,9.91,-5,-2.744042477,-2.434228819,-2.582880592,-2.613017138
3,9.92,-5,-2.742376155,-2.432978189,-2.582213797,-2.611181816
3,9.93,-5,-2.740713037,-2.431729873,-2.581548335,-2.609350638
3,9.94,-5,-2.739053112,-2.430483865,-2.580884199,-2.607523588
3,9.95,-5,-2.73739637,-2.429240158,-2.580221387,-2.605700654
3,9.96,-5,-2.735742801,-2.427998756,-2.579559892,-2.603881822
3,9.97,-5,-2.734092396,-2.426759616,-2.578899711,-2.602067078
3,9.98,-5,-2.732445145,-2.425522767,-2.578240837,-2.600256408
3,9.99,-5,-2.730801038,-2.424288205,-2.57758327,-2.5984498
3,10,-5,-2.729160065,-2.423055881,-2.576927001,-2.596647239
3,10.01,-5,-2.727522217,-2.421825829,-2.576272027,-2.594848712
3,10.02,-5,-2.725887484,-2.420598029,-2.575618344,-2.593054206
3,10.03,-5,-2.724255856,-2.419372474,-2.574965946,-2.591263708
3,10.04,-5,-2.722627325,-2.418149158,-2.57431483,-2.589477204
3,10.05,-5,-2.721001881,-2.41692806,-2.573664991,-2.587694681
3,10.06,-5,-2.719378994,-2.415709212,-2.573016423,-2.585916127
3,10.07,-5,-2.717759721,-2.414492571,-2.572369124,-2.584141527
3,10.08,-5,-2.716143504,-2.41327814,-2.571723089,-2.582370869
3,10.09,-5,-2.714530336,-2.412065868,-2.571078312,-2.580604141
3,10.1,-5,-2.712920207,-2.410855888,-2.57043479,-2.578841328
3,10.11,-5,-2.711313108,-2.409648054,-2.569792518,-2.577082419
3,10.12,-5,-2.70970903,-2.408442405,-2.569151492,-2.575327401
3,10.13,-5,-2.708107963,-2.407238935,-2.568511707,-2.573576261
3,10.14,-5,-2.706509898,-2.406037639,-2.56787316,-2.571828985
3,10.15,-5,-2.704914827,-2.404843866,-2.539891588,-2.570085563
3,10.16,-5,-2.70332274,-2.403647357,-2.539205832,-2.56834598
3,10.17,-5,-2.701733629,-2.402453026,-2.538521353,-2.566610225
3,10.18,-5,-2.700147485,-2.401260867,-2.537839748,-2.564878285
3,10.19,-5,-2.698564298,-2.400070874,-2.53715622,-2.563150148
3,10.2,-5,-2.696984061,-2.398883041,-2.536475583,-2.561425801
3,10.21,-5,-2.695406763,-2.397697363,-2.535796122,-2.559705232
3,10.22,-5,-2.693832397,-2.396513834,-2.535117965,-2.557988429
3,10.23,-5,-2.692260954,-2.395332448,-2.53444106,-2.55627538
3,10.24,-5,-2.690692424,-2.3941532,-2.533765402,-2.554566073
3,10.25,-5,-2.6891268,-2.392976083,-2.533090988,-2.552860494
3,10.26,-5,-2.687564073,-2.391801093,-2.532417813,-2.551158634
3,10.27,-5,-2.686004234,-2.390628223,-2.531745873,-2.549460478
3,10.28,-5,-2.684447274,-2.389457468,-2.531075165,-2.547766017
3,10.29,-5,-2.682893186,-2.388288823,-2.530405684,-2.546075237
3,10.3,-5,-2.681341961,-2.387122281,-2.529737426,-2.544388126
3,10.31,-5,-2.679793589,-2.385957837,-2.529070389,-2.542704674
3,10.32,-5,-2.678248064,-2.384795486,-2.528404563,-2.541024868
3,10.33,-5,-2.676705376,-2.383635222,-2.52773995,-2.539348697
3,10.34,-5,-2.675165518,-2.38247704,-2.527076544,-2.537676149
3,10.35,-5,-2.67362848,-2.381320934,-2.526414341,-2.536007212
3,10.36,-5,-2.672094255,-2.380166898,-2.525753337,-2.534341876
3,10.37,-5,-2.670562835,-2.379014928,-2.525093528,-2.532680127
3,10.38,-5,-2.66903421,-2.377865018,-2.524434911,-2.531021956
3,10.39,-5,-2.667508374,-2.376717162,-2.52377748,-2.52936735
3,10.4,-5,-2.665985318,-2.375571356,-2.523121234,-2.527716299
3,10.41,-5,-2.664465034,-2.374427593,-2.522466166,-2.526068791
3,10.42,-5,-2.662947514,-2.373285868,-2.521812275,-2.524424814
3,10.43,-5,-2.66143275,-2.372146177,-2.521162381,-2.522784358
3,10.44,-5,-2.659920734,-2.371008513,-2.520510938,-2.521147412
3,10.45,-5,-2.658411458,-2.369872872,-2.519860663,-2.519513964
3,10.46,-5,-2.656904914,-2.368739247,-2.519211552,-2.517884003
3,10.47,-5,-2.655401094,-2.367607635,-2.518563601,-2.516257518
3,10.48,-5,-2.653899991,-2.36647803,-2.517916806,-2.514634499
3,10.49,-5,-2.652401596,-2.365350426,-2.517271164,-2.513014934
3,10.5,-5,-2.650905902,-2.364224819,-2.516626671,-2.511398813
3,10.51,-5,-2.6494129,-2.363101202,-2.515983324,-2.509786124
3,10.52,-5,-2.647922585,-2.361979572,-2.515341119,-2.508176857
3,10.53,-5,-2.646434947,-2.360859923,-2.514700051,-2.506571002
3,10.54,-5,-2.644949978,-2.359742249,-2.514060119,-2.504972474
3,10.55,-5,-2.643467673,-2.358626547,-2.513421317,-2.503373243
3,10.56,-5,-2.641988022,-2.357512809,-2.512783643,-2.501777393
3,10.57,-5,-2.640511018,-2.356401033,-2.512147093,-2.500184914
3,10.58,-5,-2.639036654,-2.355291211,-2.511511664,-2.498595794
3,10.59,-5,-2.637564922,-2.35418334,-2.510877351,-2.497010024
3,10.6,-5,-2.636095815,-2.353077415,-2.510244152,-2.495427593
3,10.61,-5,-2.634629325,-2.35197343,-2.509612063,-2.49384849
3,10.62,-5,-2.633165445,-2.35087138,-2.50898108,-2.492272706
3,10.63,-5,-2.631704168,-2.349771261,-2.5083512,-2.49070023
3,10.64,-5,-2.630245485,-2.348673067,-2.507722408,-2.489131051
3,10.65,-5,-2.628789391,-2.347576794,-2.507094724,-2.48756516
3,10.66,-5,-2.627335877,-2.346482437,-2.506468133,-2.486002547
3,10.67,-5,-2.625884936,-2.345389991,-2.50584263,-2.484443201
3,10.68,-5,-2.624436562,-2.34429945,-2.505218226,-2.482887112
3,10.69,-5,-2.622990746,-2.343210811,-2.504594892,-2.48133427
3,10.7,-5,-2.621547482,-2.342124068,-2.503972638,-2.479784665
3,10.71,-5,-2.620106763,-2.341039216,-2.503351459,-2.478238288
3,10.72,-5,-2.618668581,-2.339956251,-2.502731354,-2.476695128
3,10.73,-5,-2.61723293,-2.338875168,-2.502112317,-2.475155175
3,10.74,-5,-2.615799802,-2.337795962,-2.501494346,-2.47361842
3,10.75,-5,-2.614365446,-2.336718628,-2.500877438,-2.472084853
3,10.76,-5,-2.612937442,-2.335643162,-2.50026159,-2.470554463
3,10.77,-5,-2.611511937,-2.334569559,-2.499646797,-2.469027242
3,10.78,-5,-2.610088926,-2.333497813,-2.499033058,-2.46750318
3,10.79,-5,-2.608668401,-2.332427921,-2.498420368,-2.465982266
3,10.8,-5,-2.607250357,-2.331359878,-2.497808724,-2.464464492
3,10.81,-5,-2.605834784,-2.330293679,-2.497198124,-2.462949848
3,10.82,-5,-2.604421678,-2.32922932,-2.496588564,-2.461438324
3,10.83,-5,-2.603011031,-2.328166795,-2.495980041,-2.45992991
3,10.84,-5,-2.601602837,-2.3271061,-2.495372551,-2.458424598
3,10.85,-5,-2.600197088,-2.326047232,-2.494766092,-2.456922378
3,10.86,-5,-2.598793779,-2.324990184,-2.494160661,-2.45542324
3,10.87,-5,-2.597392902,-2.323934952,-2.493556254,-2.453927176
3,10.88,-5,-2.59599445,-2.322881533,-2.492952868,-2.452434175
3,10.89,-5,-2.594598418,-2.321829921,-2.492350501,-2.450944229
3,10.9,-5,-2.593204798,-2.320780111,-2.491749148,-2.449457328
3,10.91,-5,-2.591813584,-2.3197321,-2.491148807,-2.447973463
3,10.92,-5,-2.590424769,-2.318685883,-2.490549476,-2.446492625
3,10.93,-5,-2.589038347,-2.317641455,-2.48995115,-2.445014806
3,10.94,-5,-2.587654312,-2.316598812,-2.489353827,-2.443539994
3,10.95,-5,-2.586272657,-2.31555795,-2.488757504,-2.442068183
3,10.96,-5,-2.584893375,-2.314518864,-2.488162177,-2.440599363
3,10.97,-5,-2.58351646,-2.313481549,-2.487567845,-2.439133524
3,10.98,-5,-2.582141906,-2.312446001,-2.486974503,-2.437670658
3,10.99,-5,-2.580769706,-2.311412217,-2.486382149,-2.436210755
3,11,-5,-2.579399854,-2.31038019,-2.485790781,-2.434753808
3,11.01,-5,-2.578032343,-2.309349918,-2.485200394,-2.433299807
3,11.02,-5,-2.576667168,-2.308321396,-2.484610986,-2.431848743
3,11.03,-5,-2.575304323,-2.307294619,-2.484022554,-2.430400608
3,11.04,-5,-2.5739438,-2.306269583,-2.483435096,-2.428955393
3,11.05,-5,-2.572585593,-2.305246327,-2.482848608,-2.427513089
3,11.06,-5,-2.571229697,-2.304224717,-2.482263087,-2.426073687
3,11.07,-5,-2.569876105,-2.303204879,-2.481678531,-2.424637179
3,11.08,-5,-2.568524812,-2.302186765,-2.481094937,-2.423203556
3,11.09,-5,-2.56717581,-2.30117037,-2.480512301,-2.42177281
3,11.1,-5,-2.565829094,-2.300155691,-2.479930622,-2.420344932
3,11.11,-5,-2.564484658,-2.299142723,-2.479349896,-2.418919914
3,11.12,-5,-2.563142496,-2.298131463,-2.47877012,-2.417497747
3,11.13,-5,-2.561802601,-2.294965815,-2.478191291,-2.416078422
3,11.14,-5,-2.560464968,-2.293878247,-2.477613408,-2.414661932
3,11.15,-5,-2.559129591,-2.292792552,-2.477036466,-2.413248268
3,11.16,-5,-2.557796463,-2.291708725,-2.476460464,-2.411837421
3,11.17,-5,-2.556465579,-2.290626763,-2.475885398,-2.410429384
3,11.18,-5,-2.555136933,-2.28954666,-2.475311266,-2.409024148
3,11.19,-5,-2.55381052,-2.288468412,-2.474738065,-2.407621704
3,11.2,-5,-2.552486332,-2.287392015,-2.474165793,-2.406222045
3,11.21,-5,-2.551164364,-2.286317464,-2.473594445,-2.404825163
3,11.22,-5,-2.549844611,-2.285244755,-2.473024021,-2.403431048
3,11.23,-5,-2.548527066,-2.284173883,-2.472454517,-2.402039694
3,11.24,-5,-2.547211725,-2.283104843,-2.47188593,-2.400651092
3,11.25,-5,-2.54589858,-2.282037632,-2.471318258,-2.399265233
3,11.26,-5,-2.544587626,-2.280972244,-2.470751499,-2.397882111
3,11.27,-5,-2.543278859,-2.279908676,-2.470185648,-2.396501716
3,11.28,-5,-2.541972271,-2.278846923,-2.469620705,-2.395124042
3,11.29,-5,-2.540667857,-2.277786981,-2.469056666,-2.39374908
3,11.3,-5,-2.539365611,-2.276728845,-2.468493528,-2.392376821
3,11.31,-5,-2.538065529,-2.275672511,-2.46793129,-2.391007259
3,11.32,-5,-2.536767604,-2.274617974,-2.467369948,-2.389640386
3,11.33,-5,-2.53547183,-2.273565231,-2.4668095,-2.388276193
3,11.34,-5,-2.534178203,-2.272514277,-2.466249943,-2.386914673
3,11.35,-5,-2.532886716,-2.271465107,-2.433034237,-2.385555818
3,11.36,-5,-2.531597364,-2.270417718,-2.432431862,-2.38419962
3,11.37,-5,-2.530310142,-2.269373355,-2.431830423,-2.382846072
3,11.38,-5,-2.529025044,-2.268329538,-2.431229919,-2.381495166
3,11.39,-5,-2.527742064,-2.267287489,-2.430630346,-2.380146894
3,11.4,-5,-2.526461197,-2.266247203,-2.430031703,-2.378801249
3,11.41,-5,-2.525182438,-2.265208677,-2.429433986,-2.377458223
3,11.42,-5,-2.523905781,-2.264171906,-2.428837193,-2.376117809
3,11.43,-5,-2.52263122,-2.263136886,-2.428241322,-2.374779999
3,11.44,-5,-2.521358752,-2.262103613,-2.42764637,-2.373444785
3,11.45,-5,-2.520088369,-2.261072082,-2.427052335,-2.372112161
3,11.46,-5,-2.518820067,-2.260042291,-2.426459213,-2.370782118
3,11.47,-5,-2.51755384,-2.259014233,-2.425867004,-2.36945465
3,11.48,-5,-2.516289684,-2.257987906,-2.425275703,-2.368129748
3,11.49,-5,-2.515027592,-2.256963305,-2.424685308,-2.366807406
3,11.5,-5,-2.51376756,-2.255940426,-2.424095818,-2.365487616
3,11.51,-5,-2.512509582,-2.254919265,-2.423507229,-2.364170372
3,11.52,-5,-2.511253654,-2.253899818,-2.422919539,-2.362855664
3,11.53,-5,-2.509999769,-2.25288208,-2.422332746,-2.361543488
3,11.54,-5,-2.508747923,-2.251866049,-2.421746848,-2.360233834
3,11.55,-5,-2.50749811,-2.250851719,-2.421161841,-2.358926696
3,11.56,-5,-2.506250326,-2.249839086,-2.420577723,-2.357622068
3,11.57,-5,-2.505004565,-2.248828148,-2.419994493,-2.35631994
3,11.58,-5,-2.503760822,-2.247818899,-2.419412147,-2.355020308
3,11.59,-5,-2.502519093,-2.246811336,-2.418830683,-2.353723163
3,11.6,-5,-2.501279371,-2.245805454,-2.418250099,-2.352428498
3,11.61,-5,-2.500041652,-2.24480125,-2.417670393,-2.351136307
3,11.62,-5,-2.498805931,-2.24379872,-2.417091561,-2.349846582
