grilla,L,alfa,MV,alfa.GA,alfa.LN,alfa.LC
1.00E-04,8,-1.5,-1.609907473,-2.1933891,-1.286199211,-1.666685425
0.0101,8,-1.5,-1.746129261,-2.160892294,-1.89848479,-2.057433467
0.0201,8,-1.5,-1.836042217,-2.144108854,-1.9033428,-2.14627714
0.0301,8,-1.5,-1.904401062,-2.126035885,-1.848220748,-2.203386001
0.0401,8,-1.5,-1.959602634,-2.118571811,-1.806570938,-2.246195493
0.0501,8,-1.5,-2.005711224,-2.104923172,-1.793785185,-2.280569583
0.0601,8,-1.5,-2.045074822,-2.101665847,-1.790969308,-2.309328982
0.0701,8,-1.5,-2.079193206,-2.090402302,-1.794664644,-2.334035472
0.0801,8,-1.5,-2.109095729,-2.089968274,-1.814496752,-2.355657333
0.0901,8,-1.5,-2.135518157,-2.079232726,-1.822939373,-2.374840078
0.1001,8,-1.5,-2.159024587,-2.079093188,-1.845281083,-2.392037618
0.1101,8,-1.5,-2.180042625,-2.079933671,-1.854767057,-2.407582481
0.1201,8,-1.5,-2.198913155,-2.081586662,-1.864060396,-2.42172631
0.1301,8,-1.5,-2.215911672,-2.073988399,-1.872975481,-2.434664632
0.1401,8,-1.5,-2.231264569,-2.077087363,-1.881425197,-2.446552732
0.1501,8,-1.5,-2.24516053,-2.080682613,-1.889377034,-2.457516236
0.1601,8,-1.5,-2.257758718,-2.084678664,-1.912911906,-2.467658385
0.1701,8,-1.5,-2.2691948,-2.088993831,-1.92009343,-2.477065197
0.1801,8,-1.5,-2.279585459,-2.093557964,-1.926778607,-2.485809191
0.1901,8,-1.5,-2.289031858,-2.098310618,-1.932993476,-2.493952153
0.2001,8,-1.5,-2.297622314,-2.103199552,-1.938764828,-2.501547217
0.2101,8,-1.5,-2.305434409,-2.108179517,-1.944119121,-2.508636145
0.2201,8,-1.5,-2.312536679,-2.113211248,-1.949081898,-2.515267101
0.2301,8,-1.5,-2.318989961,-2.118260629,-1.953677498,-2.521471916
0.2401,8,-1.5,-2.324848508,-2.123298006,-1.957928931,-2.527281923
0.2501,8,-1.5,-2.330160893,-2.128297605,-1.944452505,-2.532725005
0.2601,8,-1.5,-2.334970763,-2.133237044,-1.948000029,-2.537826099
0.2701,8,-1.5,-2.339317474,-2.143800159,-1.951273747,-2.542607619
0.2801,8,-1.5,-2.343236615,-2.14831314,-1.954290745,-2.547089792
0.2901,8,-1.5,-2.346760466,-2.1527329,-1.95706703,-2.551290949
0.3001,8,-1.5,-2.349918375,-2.157047572,-1.959617581,-2.555227761
0.3101,8,-1.5,-2.35273709,-2.161246934,-1.961956419,-2.558915444
0.3201,8,-1.5,-2.355241045,-2.165322237,-1.964096662,-2.56236793
0.3301,8,-1.5,-2.357452603,-2.169266062,-1.966050584,-2.565598012
0.3401,8,-1.5,-2.359392271,-2.173072186,-1.967829675,-2.568617473
0.3501,8,-1.5,-2.361078887,-2.176735464,-1.969444689,-2.571437191
0.3601,8,-1.5,-2.362529785,-2.180251729,-1.970905722,-2.574067236
0.3701,8,-1.5,-2.363760941,-2.183617697,-1.972222271,-2.576516948
0.3801,8,-1.5,-2.364787098,-2.186830886,-1.973402977,-2.578795015
0.3901,8,-1.5,-2.365621879,-2.194617137,-1.974456218,-2.580909526
0.4001,8,-1.5,-2.366277893,-2.197463364,-1.975389753,-2.582868037
0.4101,8,-1.5,-2.366766819,-2.200166623,-1.95865343,-2.584677611
0.4201,8,-1.5,-2.367099493,-2.202726476,-1.959380478,-2.586344866
0.4301,8,-1.5,-2.367285971,-2.205142939,-1.960011291,-2.587876013
0.4401,8,-1.5,-2.367335604,-2.207416447,-1.960551659,-2.589276886
0.4501,8,-1.5,-2.367257091,-2.209547807,-1.961007014,-2.590552979
0.4601,8,-1.5,-2.367058531,-2.211538167,-1.961382456,-2.59170947
0.4701,8,-1.5,-2.366747474,-2.213388982,-1.961682774,-2.592751244
0.4801,8,-1.5,-2.366330961,-2.215101982,-1.961912463,-2.593682919
0.4901,8,-1.5,-2.365815569,-2.216679144,-1.962075748,-2.594508864
0.5001,8,-1.5,-2.365207437,-2.218122663,-1.962176596,-2.595233217
0.5101,8,-1.5,-2.36451231,-2.219434931,-1.962218737,-2.595859904
0.5201,8,-1.5,-2.36373556,-2.220618508,-1.962205676,-2.596392648
0.5301,8,-1.5,-2.362882216,-2.221676107,-1.962140707,-2.596834991
0.5401,8,-1.5,-2.361956992,-2.222610567,-1.962026928,-2.597190299
0.5501,8,-1.5,-2.360964303,-2.223424839,-1.961867254,-2.597461779
0.5601,8,-1.5,-2.359908294,-2.224121964,-1.961664424,-2.597652485
0.5701,8,-1.5,-2.358792851,-2.224705061,-1.961421018,-2.597765331
0.5801,8,-1.5,-2.357621627,-2.225177309,-1.961139461,-2.597803097
0.5901,8,-1.5,-2.35639805,-2.225541933,-1.960822037,-2.597768441
0.6001,8,-1.5,-2.355125344,-2.225802191,-1.960470895,-2.597663901
0.6101,8,-1.5,-2.353806541,-2.231869474,-1.943402549,-2.597491907
0.6201,8,-1.5,-2.352444492,-2.232020402,-1.943031401,-2.597254785
0.6301,8,-1.5,-2.351041883,-2.232079133,-1.942632791,-2.596954762
0.6401,8,-1.5,-2.34960124,-2.232048601,-1.942208354,-2.596593973
0.6501,8,-1.5,-2.348124945,-2.231931741,-1.941759629,-2.596174468
0.6601,8,-1.5,-2.346615243,-2.231731473,-1.941288067,-2.595698212
0.6701,8,-1.5,-2.345074248,-2.231450703,-1.940795037,-2.595167092
0.6801,8,-1.5,-2.343503955,-2.231092313,-1.940281827,-2.594582922
0.6901,8,-1.5,-2.341906247,-2.230659156,-1.939749654,-2.593947446
0.7001,8,-1.5,-2.340282901,-2.23015405,-1.939199666,-2.593262341
0.7101,8,-1.5,-2.338635592,-2.229579773,-1.938632943,-2.592529221
0.7201,8,-1.5,-2.336965905,-2.228939063,-1.938050507,-2.591749638
0.7301,8,-1.5,-2.335275335,-2.228234607,-1.93745332,-2.590925091
0.7401,8,-1.5,-2.333565297,-2.227469046,-1.936842292,-2.59005702
0.7501,8,-1.5,-2.331837125,-2.226644965,-1.936218279,-2.589146816
0.7601,8,-1.5,-2.330092083,-2.225764895,-1.935582092,-2.588195819
0.7701,8,-1.5,-2.328331365,-2.224831309,-1.934934494,-2.587205323
0.7801,8,-1.5,-2.326556101,-2.223846622,-1.934276207,-2.586176577
0.7901,8,-1.5,-2.324767358,-2.222813187,-1.933607911,-2.585110787
0.8001,8,-1.5,-2.32296615,-2.221733296,-1.93293025,-2.584009116
0.8101,8,-1.5,-2.321153431,-2.220609178,-1.932243831,-2.582872689
0.8201,8,-1.5,-2.31933011,-2.219442999,-1.931549228,-2.581702595
0.8301,8,-1.5,-2.317497042,-2.218236862,-1.930846982,-2.580499886
0.8401,8,-1.5,-2.315655041,-2.208912488,-1.930137606,-2.579265577
0.8501,8,-1.5,-2.313804876,-2.207549821,-1.929421582,-2.578000654
0.8601,8,-1.5,-2.311947276,-2.206155005,-1.928699368,-2.576706068
0.8701,8,-1.5,-2.31008293,-2.204729929,-1.927971395,-2.575382742
0.8801,8,-1.5,-2.308212493,-2.203276412,-1.92723807,-2.574031568
0.8901,8,-1.5,-2.306336585,-2.201796203,-1.926499779,-2.572653412
0.9001,8,-1.5,-2.304455794,-2.200290984,-1.925756887,-2.571249111
0.9101,8,-1.5,-2.302570675,-2.19876237,-1.925009736,-2.569819477
0.9201,8,-1.5,-2.300681757,-2.197211912,-1.924258652,-2.568365298
0.9301,8,-1.5,-2.29878954,-2.195641098,-1.923503943,-2.566887336
0.9401,8,-1.5,-2.296894497,-2.194051351,-1.922745898,-2.565386333
0.9501,8,-1.5,-2.294997079,-2.192444039,-1.921984793,-2.563863006
0.9601,8,-1.5,-2.293097711,-2.190820467,-1.906296612,-2.562318051
0.9701,8,-1.5,-2.291196797,-2.189181885,-1.905571629,-2.560752146
0.9801,8,-1.5,-2.289294721,-2.187529489,-1.904844135,-2.559165945
0.9901,8,-1.5,-2.287391844,-2.185864419,-1.904114344,-2.557560088
1.0001,8,-1.5,-2.285488512,-2.184187766,-1.903382461,-2.555935191
1.0101,8,-1.5,-2.28358505,-2.182500569,-1.90264868,-2.554291857
1.0201,8,-1.5,-2.281681767,-2.180803819,-1.901913183,-2.55263067
1.0301,8,-1.5,-2.279778957,-2.179098461,-1.901176143,-2.550952195
1.0401,8,-1.5,-2.277876897,-2.177385395,-1.900437724,-2.549256986
1.0501,8,-1.5,-2.27597585,-2.175665477,-1.899698079,-2.547545577
1.0601,8,-1.5,-2.274076066,-2.173939522,-1.898957356,-2.545818489
1.0701,8,-1.5,-2.27217778,-2.172208304,-1.898215692,-2.544076229
1.0801,8,-1.5,-2.270281217,-2.170472558,-1.897473218,-2.54231929
1.0901,8,-1.5,-2.268386588,-2.168732984,-1.896730057,-2.540548149
1.1001,8,-1.5,-2.266494093,-2.166990244,-1.895986328,-2.538763273
1.1101,8,-1.5,-2.264603922,-2.165244967,-1.895242732,-2.536965116
1.1201,8,-1.5,-2.262716256,-2.163497749,-1.894498171,-2.535154117
1.1301,8,-1.5,-2.260831263,-2.161749156,-1.893753354,-2.533330707
1.1401,8,-1.5,-2.258949105,-2.15999972,-1.893008374,-2.531495302
1.1501,8,-1.5,-2.257069933,-2.158249948,-1.892263318,-2.52964831
1.1601,8,-1.5,-2.255193891,-2.156500319,-1.89151827,-2.527790125
1.1701,8,-1.5,-2.253321115,-2.154751283,-1.890773308,-2.525921134
1.1801,8,-1.5,-2.251451732,-2.153003268,-1.890028507,-2.524041711
1.1901,8,-1.5,-2.249585864,-2.151256675,-1.889283936,-2.522152221
1.2001,8,-1.5,-2.247723625,-2.149511884,-1.888539661,-2.52025302
1.2101,8,-1.5,-2.245865121,-2.147769254,-1.887795744,-2.518344455
1.2201,8,-1.5,-2.244010455,-2.146029119,-1.887052245,-2.516426864
1.2301,8,-1.5,-2.242159722,-2.144291797,-1.886309219,-2.514500574
1.2401,8,-1.5,-2.24031301,-2.142557586,-1.885566717,-2.512565907
1.2501,8,-1.5,-2.238470406,-2.140826764,-1.884824789,-2.510623175
1.2601,8,-1.5,-2.236631987,-2.139099594,-1.884083482,-2.508672681
1.2701,8,-1.5,-2.234797829,-2.137376322,-1.883342838,-2.506714723
1.2801,8,-1.5,-2.232968001,-2.135657177,-1.882602899,-2.504753494
1.2901,8,-1.5,-2.231142568,-2.133942374,-1.881863703,-2.502781262
1.3001,8,-1.5,-2.229321592,-2.132232115,-1.881125287,-2.500802412
1.3101,8,-1.5,-2.22750513,-2.130526587,-1.880387684,-2.498817211
1.3201,8,-1.5,-2.225693234,-2.128825963,-1.879650926,-2.496825921
1.3301,8,-1.5,-2.223885955,-2.127130407,-1.878915045,-2.494828797
1.3401,8,-1.5,-2.222083339,-2.125440069,-1.878180066,-2.492826086
1.3501,8,-1.5,-2.220285428,-2.123755088,-1.877446017,-2.49081803
1.3601,8,-1.5,-2.218492262,-2.122075594,-1.876712923,-2.488804866
1.3701,8,-1.5,-2.216703878,-2.120401706,-1.875980807,-2.486786824
1.3801,8,-1.5,-2.21492031,-2.118733534,-1.875249689,-2.484764128
1.3901,8,-1.5,-2.213141589,-2.117071178,-1.874519591,-2.482736997
1.4001,8,-1.5,-2.211367743,-2.11541473,-1.87379053,-2.480705645
1.4101,8,-1.5,-2.209598798,-2.113764276,-1.873062525,-2.47867028
1.4201,8,-1.5,-2.207834779,-2.11211989,-1.872335591,-2.476631105
1.4301,8,-1.5,-2.206075705,-2.110481642,-1.871609744,-2.47458832
1.4401,8,-1.5,-2.204321597,-2.108849595,-1.870884997,-2.472542116
1.4501,8,-1.5,-2.202572472,-2.107223805,-1.870161364,-2.470492684
1.4601,8,-1.5,-2.200828344,-2.10560432,-1.869438857,-2.468440207
1.4701,8,-1.5,-2.199089228,-2.103991184,-1.85584429,-2.466384864
1.4801,8,-1.5,-2.197355135,-2.102384436,-1.855155473,-2.464326832
1.4901,8,-1.5,-2.195626075,-2.100784107,-1.854467663,-2.462266282
1.5001,8,-1.5,-2.193902056,-2.099190226,-1.853780872,-2.46020338
1.5101,8,-1.5,-2.192183085,-2.097602816,-1.853095107,-2.458138289
1.5201,8,-1.5,-2.190469167,-2.096021894,-1.852410377,-2.456071168
1.5301,8,-1.5,-2.188760306,-2.094447476,-1.85172669,-2.454002173
1.5401,8,-1.5,-2.187056505,-2.09287957,-1.851044052,-2.451931455
1.5501,8,-1.5,-2.185357765,-2.091318184,-1.850362471,-2.449859162
1.5601,8,-1.5,-2.183664086,-2.089763319,-1.849681951,-2.447785438
1.5701,8,-1.5,-2.181975468,-2.088214976,-1.849002498,-2.445710424
1.5801,8,-1.5,-2.180291908,-2.086673149,-1.848324118,-2.443634257
1.5901,8,-1.5,-2.178613403,-2.085137832,-1.847646813,-2.441557072
1.6001,8,-1.5,-2.17693995,-2.083609014,-1.846970588,-2.439478998
1.6101,8,-1.5,-2.175271542,-2.082086683,-1.846295445,-2.437400165
1.6201,8,-1.5,-2.173608175,-2.080570823,-1.845621389,-2.435320697
1.6301,8,-1.5,-2.171949841,-2.079061416,-1.844948421,-2.433240715
1.6401,8,-1.5,-2.170296533,-2.077558443,-1.844276544,-2.431160338
1.6501,8,-1.5,-2.168648243,-2.076347017,-1.843605758,-2.429079683
1.6601,8,-1.5,-2.167004961,-2.074571703,-1.842936067,-2.426998862
1.6701,8,-1.5,-2.165366678,-2.073087886,-1.84226747,-2.424917986
1.6801,8,-1.5,-2.163733384,-2.0716104,-1.841599968,-2.422837163
1.6901,8,-1.5,-2.162105068,-2.070139215,-1.840933562,-2.420756498
1.7001,8,-1.5,-2.160481717,-2.068674301,-1.840268252,-2.418676093
1.7101,8,-1.5,-2.158863321,-2.067215623,-1.839604039,-2.416596049
1.7201,8,-1.5,-2.157249866,-2.065763147,-1.838940921,-2.414516464
1.7301,8,-1.5,-2.15564134,-2.064316837,-1.838278898,-2.412437433
1.7401,8,-1.5,-2.154037728,-2.062876656,-1.83761797,-2.410359049
1.7501,8,-1.5,-2.152439017,-2.061442565,-1.836958136,-2.408281404
1.7601,8,-1.5,-2.150845192,-2.060014526,-1.836299394,-2.406204585
1.7701,8,-1.5,-2.149256239,-2.058592498,-1.835641743,-2.40412868
1.7801,8,-1.5,-2.147672142,-2.057176439,-1.834985182,-2.402053774
1.7901,8,-1.5,-2.146092886,-2.055766307,-1.834329709,-2.399979948
1.8001,8,-1.5,-2.144518455,-2.05436206,-1.833675323,-2.397907282
1.8101,8,-1.5,-2.142948832,-2.052963652,-1.833022021,-2.395835857
1.8201,8,-1.5,-2.141384002,-2.051571041,-1.832369801,-2.393765747
1.8301,8,-1.5,-2.139823948,-2.050184181,-1.831718661,-2.391697029
1.8401,8,-1.5,-2.138268652,-2.048803026,-1.831068599,-2.389629774
1.8501,8,-1.5,-2.136718097,-2.04742753,-1.830419613,-2.387564054
1.8601,8,-1.5,-2.135172266,-2.046057646,-1.8297717,-2.385499938
1.8701,8,-1.5,-2.133631142,-2.044693327,-1.829124857,-2.383437495
1.8801,8,-1.5,-2.132094706,-2.043334527,-1.828479081,-2.381376789
1.8901,8,-1.5,-2.13056294,-2.041981197,-1.827834371,-2.379317885
1.9001,8,-1.5,-2.129035827,-2.040633289,-1.827190722,-2.377260847
1.9101,8,-1.5,-2.127513347,-2.039290755,-1.826548133,-2.375205735
1.9201,8,-1.5,-2.125995483,-2.037953546,-1.8259066,-2.37315261
1.9301,8,-1.5,-2.124482216,-2.036621614,-1.825266119,-2.371101528
1.9401,8,-1.5,-2.122973527,-2.035294911,-1.824626689,-2.369052548
1.9501,8,-1.5,-2.121469397,-2.033973386,-1.823988305,-2.367005724
1.9601,8,-1.5,-2.119969808,-2.032656992,-1.823350965,-2.364961111
1.9701,8,-1.5,-2.11847474,-2.031345678,-1.822714665,-2.36291876
1.9801,8,-1.5,-2.116984175,-2.030039397,-1.822079402,-2.360878724
1.9901,8,-1.5,-2.115498092,-2.028738099,-1.821445173,-2.358841052
2.0001,8,-1.5,-2.114016474,-2.027441735,-1.820811974,-2.356805793
2.0101,8,-1.5,-2.1125393,-2.026150256,-1.808972857,-2.354772995
2.0201,8,-1.5,-2.111066551,-2.024863613,-1.808366299,-2.352742703
2.0301,8,-1.5,-2.109598209,-2.023581758,-1.807760667,-2.350714963
2.0401,8,-1.5,-2.108134253,-2.022304641,-1.80715596,-2.348689818
2.0501,8,-1.5,-2.106674664,-2.021032214,-1.806552175,-2.346667311
2.0601,8,-1.5,-2.105219424,-2.019764429,-1.805949308,-2.344647484
2.0701,8,-1.5,-2.103768511,-2.018501236,-1.805347356,-2.342630377
2.0801,8,-1.5,-2.102321908,-2.017242589,-1.804746317,-2.34061603
2.0901,8,-1.5,-2.100879594,-2.015988438,-1.804146187,-2.338604482
2.1001,8,-1.5,-2.09944155,-2.014738737,-1.803546964,-2.336595768
2.1101,8,-1.5,-2.098007757,-2.013493437,-1.802948644,-2.334589927
2.1201,8,-1.5,-2.096578196,-2.012252491,-1.802351225,-2.332586993
2.1301,8,-1.5,-2.095152846,-2.011015851,-1.801754703,-2.330587
2.1401,8,-1.5,-2.093731689,-2.009783472,-1.801159076,-2.328589983
2.1501,8,-1.5,-2.092314705,-2.008555305,-1.800564339,-2.326595973
2.1601,8,-1.5,-2.090901874,-2.007331305,-1.799970491,-2.324605003
2.1701,8,-1.5,-2.089493179,-2.006111424,-1.799377528,-2.322617103
2.1801,8,-1.5,-2.088088599,-2.004895617,-1.798785448,-2.320632302
2.1901,8,-1.5,-2.086691534,-2.003683839,-1.798194246,-2.318650631
2.2001,8,-1.5,-2.085295073,-2.002476043,-1.79760286,-2.316672118
2.2101,8,-1.5,-2.083902672,-2.001272184,-1.797013455,-2.314696789
2.2201,8,-1.5,-2.082514311,-2.000072217,-1.796424922,-2.312724672
2.2301,8,-1.5,-2.081129971,-1.998876097,-1.795837256,-2.310755792
2.2401,8,-1.5,-2.079749634,-1.997683781,-1.795250455,-2.308790174
2.2501,8,-1.5,-2.07837328,-1.996495224,-1.794664515,-2.306827843
2.2601,8,-1.5,-2.077000891,-1.995310381,-1.794079431,-2.304868823
2.2701,8,-1.5,-2.075632448,-1.994129211,-1.793495099,-2.302913136
2.2801,8,-1.5,-2.074267932,-1.992951668,-1.792911695,-2.300960805
2.2901,8,-1.5,-2.072907325,-1.991777712,-1.792329181,-2.299011851
2.3001,8,-1.5,-2.071550608,-1.990607299,-1.791747508,-2.297066296
2.3101,8,-1.5,-2.070197762,-1.989440387,-1.791166672,-2.295124158
2.3201,8,-1.5,-2.06884877,-1.988276935,-1.790586671,-2.293185458
2.3301,8,-1.5,-2.067503612,-1.987116902,-1.790007503,-2.291250216
2.3401,8,-1.5,-2.066162271,-1.985960246,-1.789429164,-2.289318448
2.3501,8,-1.5,-2.064824728,-1.984806927,-1.788851652,-2.287390174
2.3601,8,-1.5,-2.063490966,-1.983656906,-1.788274965,-2.28546541
2.3701,8,-1.5,-2.062160966,-1.982510143,-1.787699099,-2.283544172
2.3801,8,-1.5,-2.06083471,-1.981680168,-1.78581304,-2.281626478
2.3901,8,-1.5,-2.05951218,-1.980897376,-1.783755002,-2.279712341
2.4001,8,-1.5,-2.05819336,-1.980118428,-1.781706689,-2.277801778
2.4101,8,-1.5,-2.05687823,-1.979343285,-1.779668039,-2.275894802
2.4201,8,-1.5,-2.055566774,-1.968874152,-1.777638987,-2.273991428
2.4301,8,-1.5,-2.054258974,-1.968062565,-1.786017669,-2.272091669
2.4401,8,-1.5,-2.052954813,-1.967254856,-1.784011422,-2.270195538
2.4501,8,-1.5,-2.051654272,-1.966450991,-1.782014478,-2.268303046
2.4601,8,-1.5,-2.050357336,-1.965650933,-1.780026776,-2.266414207
2.4701,8,-1.5,-2.049063986,-1.964854647,-1.778048257,-2.264529032
2.4801,8,-1.5,-2.047774207,-1.964062097,-1.776078864,-2.26264753
2.4901,8,-1.5,-2.04648798,-1.96327325,-1.774118538,-2.260769714
2.5001,8,-1.5,-2.045205289,-1.962488071,-1.772167221,-2.258895594
2.5101,8,-1.5,-2.043926117,-1.961706525,-1.770224858,-2.257025178
2.5201,8,-1.5,-2.042650448,-1.96092858,-1.778866054,-2.255158476
2.5301,8,-1.5,-2.041378264,-1.960154202,-1.776944544,-2.253295498
2.5401,8,-1.5,-2.04010955,-1.959383359,-1.775031715,-2.251436251
2.5501,8,-1.5,-2.038844289,-1.958616018,-1.773127511,-2.249580743
2.5601,8,-1.5,-2.037582465,-1.957852148,-1.77123188,-2.247728983
2.5701,8,-1.5,-2.03632406,-1.957091755,-1.769344767,-2.245880977
2.5801,8,-1.5,-2.03506906,-1.95633473,-1.767466201,-2.244036733
2.5901,8,-1.5,-2.033817448,-1.955581081,-1.765595887,-2.242196257
2.6001,8,-1.5,-2.032569209,-1.95483078,-1.763734015,-2.240359555
2.6101,8,-1.5,-2.031324326,-1.954083796,-1.772633212,-2.238526633
2.6201,8,-1.5,-2.030082783,-1.9533401,-1.770790407,-2.236697497
2.6301,8,-1.5,-2.028844565,-1.952599663,-1.768955715,-2.234872152
2.6401,8,-1.5,-2.027609656,-1.951862457,-1.767129085,-2.233051929
2.6501,8,-1.5,-2.026378042,-1.951128453,-1.765310467,-2.23123616
2.6601,8,-1.5,-2.025149705,-1.950397625,-1.763499813,-2.229424139
2.6701,8,-1.5,-2.023924632,-1.949669944,-1.761697102,-2.227615872
2.6801,8,-1.5,-2.022702807,-1.938496555,-1.759902203,-2.225811364
2.6901,8,-1.5,-2.021484214,-1.937733123,-1.758115152,-2.224010617
2.7001,8,-1.5,-2.020268839,-1.936972881,-1.756335873,-2.222213636
2.7101,8,-1.5,-2.019056667,-1.93621584,-1.765499561,-2.220420425
2.7201,8,-1.5,-2.017847683,-1.935461974,-1.763737527,-2.218630987
2.7301,8,-1.5,-2.016641872,-1.934711258,-1.761983039,-2.216845325
2.7401,8,-1.5,-2.015439219,-1.933963665,-1.760236051,-2.215063441
2.7501,8,-1.5,-2.01423971,-1.933219171,-1.758496519,-2.213285338
2.7601,8,-1.5,-2.01304333,-1.932477752,-1.756764397,-2.211511019
2.7701,8,-1.5,-2.011850066,-1.931739382,-1.755039642,-2.209740485
2.7801,8,-1.5,-2.010659902,-1.931004037,-1.753322211,-2.207973739
2.7901,8,-1.5,-2.009472824,-1.930271695,-1.751612059,-2.206160781
2.8001,8,-1.5,-2.008288819,-1.929542332,-1.749909145,-2.204401614
2.8101,8,-1.5,-2.007107872,-1.928815926,-1.748213425,-2.202646238
2.8201,8,-1.5,-2.005929969,-1.928092453,-1.757645978,-2.200894654
2.8301,8,-1.5,-2.004755097,-1.927371892,-1.755965673,-2.199146863
2.8401,8,-1.5,-2.003583241,-1.92665422,-1.754292358,-2.197402865
2.8501,8,-1.5,-2.002414388,-1.925939418,-1.75262599,-2.195662662
2.8601,8,-1.5,-2.001248524,-1.925227462,-1.750966531,-2.193926252
2.8701,8,-1.5,-2.000085635,-1.924518333,-1.749313939,-2.192193635
2.8801,8,-1.5,-1.998925709,-1.92381201,-1.747668175,-2.190464813
2.8901,8,-1.5,-1.997768732,-1.923108473,-1.746029199,-2.188739783
2.9001,8,-1.5,-1.996614691,-1.922407702,-1.744396972,-2.187018545
2.9101,8,-1.5,-1.995463571,-1.921709678,-1.742771455,-2.185301099
2.9201,8,-1.5,-1.994315362,-1.92101438,-1.741152611,-2.183587444
2.9301,8,-1.5,-1.993170048,-1.92032179,-1.7395404,-2.181877578
2.9401,8,-1.5,-1.992027617,-1.91963189,-1.74924429,-2.180171499
2.9501,8,-1.5,-1.990888057,-1.91894466,-1.747645683,-2.178469207
2.9601,8,-1.5,-1.989751355,-1.918260083,-1.746053526,-2.1767707
2.9701,8,-1.5,-1.988617497,-1.91757814,-1.74446778,-2.175075975
2.9801,8,-1.5,-1.987486472,-1.916898813,-1.742888411,-2.173385031
2.9901,8,-1.5,-1.986358266,-1.916222086,-1.741315381,-2.171697866
3.0001,8,-1.5,-1.985232868,-1.904258856,-1.739748656,-2.170014477
3.0101,8,-1.5,-1.984110264,-1.903547256,-1.738188199,-2.168334862
3.0201,8,-1.5,-1.982990443,-1.902838314,-1.736633975,-2.166659018
3.0301,8,-1.5,-1.981873393,-1.902132013,-1.735085949,-2.164986943
3.0401,8,-1.5,-1.9807591,-1.901428335,-1.733544088,-2.163318633
3.0501,8,-1.5,-1.979647554,-1.900727261,-1.732008355,-2.161654086
3.0601,8,-1.5,-1.978538741,-1.900028775,-1.730478718,-2.159993298
3.0701,8,-1.5,-1.977432651,-1.899332857,-1.740454798,-2.158336266
3.0801,8,-1.5,-1.976329271,-1.898639492,-1.738936994,-2.156682986
3.0901,8,-1.5,-1.975228589,-1.897948661,-1.737425121,-2.155033456
3.1001,8,-1.5,-1.974130595,-1.897260349,-1.735919145,-2.153387672
3.1101,8,-1.5,-1.973033842,-1.896574538,-1.734419029,-2.151745628
3.1201,8,-1.5,-1.97194119,-1.895891212,-1.732925151,-2.150107323
3.1301,8,-1.5,-1.970851191,-1.895210354,-1.731436671,-2.148472751
3.1401,8,-1.5,-1.969763832,-1.894531948,-1.729953959,-2.146841908
3.1501,8,-1.5,-1.968679102,-1.893855978,-1.728476985,-2.145214791
3.1601,8,-1.5,-1.96759699,-1.893182428,-1.727005716,-2.143591394
3.1701,8,-1.5,-1.966517485,-1.892511283,-1.725540122,-2.141971714
3.1801,8,-1.5,-1.965440576,-1.891842526,-1.724080171,-2.140355745
3.1901,8,-1.5,-1.964363294,-1.891176143,-1.722625834,-2.138743484
3.2001,8,-1.5,-1.96329178,-1.890512118,-1.72117708,-2.137134924
3.2101,8,-1.5,-1.962222813,-1.889850436,-1.731424617,-2.135530061
3.2201,8,-1.5,-1.961156383,-1.889191082,-1.729985987,-2.133928891
3.2301,8,-1.5,-1.96009248,-1.888534041,-1.728552794,-2.132331408
3.2401,8,-1.5,-1.959031094,-1.887879298,-1.727125007,-2.130737606
3.2501,8,-1.5,-1.957972214,-1.887226839,-1.7257026,-2.129147481
3.2601,8,-1.5,-1.956915832,-1.88657665,-1.724285542,-2.127561027
3.2701,8,-1.5,-1.955861938,-1.885928716,-1.722873805,-2.125978238
3.2801,8,-1.5,-1.95481052,-1.885283022,-1.721467361,-2.12439911
3.2901,8,-1.5,-1.953761571,-1.884639556,-1.720066181,-2.122823635
3.3001,8,-1.5,-1.952715079,-1.883998303,-1.718670238,-2.121251809
3.3101,8,-1.5,-1.951671036,-1.883359249,-1.717279504,-2.119683626
3.3201,8,-1.5,-1.950629432,-1.882722381,-1.715893951,-2.118119079
3.3301,8,-1.5,-1.949590257,-1.882086805,-1.714513552,-2.116558163
3.3401,8,-1.5,-1.948553501,-1.881454297,-1.71313828,-2.115000871
3.3501,8,-1.5,-1.947519155,-1.880823936,-1.711768109,-2.113447198
3.3601,8,-1.5,-1.94648721,-1.880195709,-1.71040301,-2.111897136
3.3701,8,-1.5,-1.945457656,-1.879569602,-1.720924573,-2.11035068
3.3801,8,-1.5,-1.944430484,-1.878945601,-1.719567852,-2.108807823
3.3901,8,-1.5,-1.943405684,-1.866117711,-1.718216075,-2.107268559
3.4001,8,-1.5,-1.942383247,-1.865458383,-1.716869218,-2.105732881
3.4101,8,-1.5,-1.941363163,-1.864801174,-1.715527254,-2.104200782
3.4201,8,-1.5,-1.940345424,-1.864146072,-1.714190158,-2.102672256
3.4301,8,-1.5,-1.939330021,-1.863493062,-1.712857905,-2.101147296
3.4401,8,-1.5,-1.938316943,-1.862842133,-1.71153047,-2.099625894
3.4501,8,-1.5,-1.937306183,-1.862193272,-1.710207828,-2.098108044
3.4601,8,-1.5,-1.93629773,-1.861546465,-1.708889955,-2.09658021
3.4701,8,-1.5,-1.935291576,-1.8609017,-1.707576825,-2.095107414
3.4801,8,-1.5,-1.934287713,-1.860258064,-1.706268415,-2.093590541
3.4901,8,-1.5,-1.93328613,-1.859617374,-1.704964701,-2.092079588
3.5001,8,-1.5,-1.932286819,-1.858978691,-1.703665658,-2.090574556
3.5101,8,-1.5,-1.931289771,-1.858342003,-1.702371263,-2.089075444
3.5201,8,-1.5,-1.930294977,-1.857707296,-1.701081491,-2.087582222
3.5301,8,-1.5,-1.929302429,-1.857071968,-1.69979632,-2.08609471
3.5401,8,-1.5,-1.928312118,-1.856443778,-1.71058797,-2.084612876
3.5501,8,-1.5,-1.927324035,-1.855814942,-1.709309525,-2.083136717
3.5601,8,-1.5,-1.926338171,-1.855188042,-1.708035565,-2.081666231
3.5701,8,-1.5,-1.925354518,-1.854563064,-1.706766071,-2.080151414
3.5801,8,-1.5,-1.924373067,-1.853939901,-1.705501021,-2.078692264
3.5901,8,-1.5,-1.92339381,-1.853318723,-1.704240392,-2.077227424
3.6001,8,-1.5,-1.922416738,-1.852699459,-1.702984163,-2.075762148
3.6101,8,-1.5,-1.921441843,-1.85208207,-1.70173231,-2.074300352
3.6201,8,-1.5,-1.920469117,-1.851466549,-1.700484813,-2.072842034
3.6301,8,-1.5,-1.91949855,-1.850852879,-1.699241649,-2.071387191
3.6401,8,-1.5,-1.918530135,-1.850241055,-1.698002797,-2.069935822
3.6501,8,-1.5,-1.917563863,-1.849631064,-1.696768238,-2.068487925
3.6601,8,-1.5,-1.916599727,-1.849022898,-1.695537945,-2.067043498
3.6701,8,-1.5,-1.915637717,-1.848416544,-1.694311901,-2.065602539
3.6801,8,-1.5,-1.914677826,-1.847811994,-1.693090085,-2.064165047
3.6901,8,-1.5,-1.913723351,-1.847209236,-1.691872475,-2.062731019
3.7001,8,-1.5,-1.912767099,-1.846608262,-1.69065905,-2.061300454
3.7101,8,-1.5,-1.911813018,-1.846009061,-1.68944979,-2.05987335
3.7201,8,-1.5,-1.910861092,-1.845411623,-1.700506393,-2.058449706
3.7301,8,-1.5,-1.909911308,-1.844815939,-1.699302345,-2.05702952
3.7401,8,-1.5,-1.908963652,-1.844221999,-1.698102366,-2.055612791
3.7501,8,-1.5,-1.90801811,-1.843629793,-1.696906431,-2.054199516
3.7601,8,-1.5,-1.90707467,-1.843039313,-1.695714527,-2.052789695
3.7701,8,-1.5,-1.906133318,-1.842450548,-1.69452663,-2.051383326
3.7801,8,-1.5,-1.905194041,-1.841863489,-1.693342722,-2.049980407
3.7901,8,-1.5,-1.904256826,-1.841278127,-1.692162784,-2.048580938
3.8001,8,-1.5,-1.903321662,-1.840694454,-1.690986797,-2.047184917
3.8101,8,-1.5,-1.902388537,-1.840112459,-1.689814741,-2.045792343
3.8201,8,-1.5,-1.901457438,-1.839532134,-1.688646597,-2.044353214
3.8301,8,-1.5,-1.900528356,-1.838953469,-1.687482346,-2.042967529
3.8401,8,-1.5,-1.899601278,-1.838376458,-1.686321971,-2.041585287
3.8501,8,-1.5,-1.898676195,-1.837801089,-1.685165452,-2.040206487
3.8601,8,-1.5,-1.897753096,-1.837227355,-1.68401277,-2.038831128
3.8701,8,-1.5,-1.896831972,-1.82336202,-1.682863909,-2.037459209
3.8801,8,-1.5,-1.895912754,-1.822750486,-1.681718848,-2.036090728
3.8901,8,-1.5,-1.894995557,-1.822140592,-1.68057757,-2.034724626
3.9001,8,-1.5,-1.894080367,-1.821532329,-1.679440058,-2.033358694
3.9101,8,-1.5,-1.893167052,-1.82092569,-1.678306293,-2.031995954
3.9201,8,-1.5,-1.892255657,-1.820320666,-1.677176257,-2.030636398
3.9301,8,-1.5,-1.891346168,-1.819717248,-1.676049934,-2.029280017
3.9401,8,-1.5,-1.89043857,-1.819115431,-1.687368008,-2.027926803
3.9501,8,-1.5,-1.889532853,-1.818515205,-1.686245242,-2.026576749
3.9601,8,-1.5,-1.888629002,-1.817916564,-1.685126078,-2.025229845
3.9701,8,-1.5,-1.887727007,-1.817319499,-1.684010584,-2.023886084
3.9801,8,-1.5,-1.886826857,-1.816724003,-1.682898664,-2.022545457
3.9901,8,-1.5,-1.885928544,-1.816130068,-1.681790321,-2.021207956
4.0001,8,-1.5,-1.885032059,-1.815537686,-1.680685557,-2.019873574
4.0101,8,-1.5,-1.884137396,-1.814946852,-1.679584338,-2.018542301
4.0201,8,-1.5,-1.883246982,-1.814357556,-1.678486653,-2.01721413
4.0301,8,-1.5,-1.882356456,-1.813769793,-1.677392482,-2.015889052
4.0401,8,-1.5,-1.881467785,-1.813183554,-1.676301808,-2.01456706
4.0501,8,-1.5,-1.880580962,-1.812598832,-1.675214614,-2.013248144
4.0601,8,-1.5,-1.879695979,-1.812015621,-1.674130885,-2.011932298
4.0701,8,-1.5,-1.878812831,-1.811433913,-1.673050603,-2.010619512
4.0801,8,-1.5,-1.877931511,-1.810853701,-1.671973754,-2.009309779
4.0901,8,-1.5,-1.877052012,-1.810274979,-1.670900323,-2.008003089
4.1001,8,-1.5,-1.876174329,-1.809697739,-1.669830291,-2.006699436
4.1101,8,-1.5,-1.875298453,-1.809121974,-1.668763645,-2.005398811
4.1201,8,-1.5,-1.87442438,-1.808547679,-1.667700369,-2.004101206
4.1301,8,-1.5,-1.873552101,-1.807974845,-1.666640447,-2.002806612
4.1401,8,-1.5,-1.872681612,-1.807403467,-1.665583864,-2.001515022
4.1501,8,-1.5,-1.871812906,-1.806833538,-1.664530605,-2.000226426
4.1601,8,-1.5,-1.870945977,-1.80626505,-1.663480655,-1.998940818
4.1701,8,-1.5,-1.870078467,-1.805697999,-1.675053998,-1.997658189
4.1801,8,-1.5,-1.869218225,-1.805132376,-1.674006134,-1.996378531
4.1901,8,-1.5,-1.868355796,-1.804568176,-1.672961509,-1.995101835
4.2001,8,-1.5,-1.867495925,-1.804005392,-1.671920108,-1.993828094
4.2101,8,-1.5,-1.866637813,-1.803444018,-1.670880628,-1.9925573
4.2201,8,-1.5,-1.865781467,-1.802884047,-1.669845661,-1.991312689
4.2301,8,-1.5,-1.864926902,-1.802325473,-1.668813878,-1.990046164
4.2401,8,-1.5,-1.864074151,-1.801768291,-1.667785264,-1.988782489
4.2501,8,-1.5,-1.863223274,-1.801212493,-1.666759804,-1.987521655
4.2601,8,-1.5,-1.862374385,-1.800658074,-1.665737485,-1.986263651
4.2701,8,-1.5,-1.861527681,-1.800105027,-1.664718292,-1.985008466
4.2801,8,-1.5,-1.860683488,-1.799553347,-1.663702211,-1.98375609
4.2901,8,-1.5,-1.859834869,-1.799003027,-1.662689229,-1.982506513
4.3001,8,-1.5,-1.858990124,-1.798454061,-1.661679332,-1.981259725
4.3101,8,-1.5,-1.858148114,-1.797906444,-1.660672505,-1.980015714
4.3201,8,-1.5,-1.857307567,-1.797360169,-1.659668602,-1.978774471
4.3301,8,-1.5,-1.856468483,-1.796815231,-1.658667861,-1.977535986
4.3401,8,-1.5,-1.855638275,-1.796271624,-1.657670186,-1.97630206
4.3501,8,-1.5,-1.854803976,-1.795729342,-1.656675524,-1.975071718
4.3601,8,-1.5,-1.853971337,-1.795188379,-1.655683861,-1.973844205
4.3701,8,-1.5,-1.853140353,-1.794648729,-1.654695185,-1.972619512
4.3801,8,-1.5,-1.852311018,-1.794110388,-1.653709483,-1.971397634
4.3901,8,-1.5,-1.851483326,-1.793573348,-1.65272674,-1.97017856
4.4001,8,-1.5,-1.850657272,-1.793037605,-1.651746945,-1.968962285
4.4101,8,-1.5,-1.849832852,-1.792503153,-1.650770082,-1.967748799
4.4201,8,-1.5,-1.849010058,-1.791969987,-1.649796141,-1.966538096
4.4301,8,-1.5,-1.848188887,-1.7914381,-1.648825108,-1.965330167
4.4401,8,-1.5,-1.847369333,-1.790907488,-1.660639071,-1.964125006
4.4501,8,-1.5,-1.84655139,-1.790378144,-1.65966869,-1.962922603
4.4601,8,-1.5,-1.845735052,-1.789850065,-1.658701153,-1.961722952
4.4701,8,-1.5,-1.844920316,-1.789320414,-1.657736445,-1.960526045
4.4801,8,-1.5,-1.844107175,-1.788797674,-1.656774554,-1.959331874
4.4901,8,-1.5,-1.843295623,-1.788273353,-1.655815467,-1.958140432
4.5001,8,-1.5,-1.842485656,-1.787750274,-1.654857895,-1.956951711
4.5101,8,-1.5,-1.841677267,-1.787228431,-1.653905658,-1.955765704
4.5201,8,-1.5,-1.840870452,-1.786707821,-1.652954909,-1.954582403
4.5301,8,-1.5,-1.840065204,-1.786188437,-1.652006916,-1.9534018
4.5401,8,-1.5,-1.839261518,-1.770686176,-1.651061664,-1.952223889
4.5501,8,-1.5,-1.838459387,-1.770127036,-1.650119142,-1.951048661
4.5601,8,-1.5,-1.837658804,-1.769569169,-1.649179338,-1.949876109
4.5701,8,-1.5,-1.836859762,-1.769012572,-1.64824224,-1.948706226
4.5801,8,-1.5,-1.836062036,-1.768457238,-1.647307834,-1.947539004
4.5901,8,-1.5,-1.83526608,-1.767903163,-1.64637611,-1.946374437
4.6001,8,-1.5,-1.834471657,-1.767350346,-1.645447056,-1.945212516
4.6101,8,-1.5,-1.833678763,-1.766798778,-1.644520657,-1.944053234
4.6201,8,-1.5,-1.832887392,-1.766248456,-1.643597112,-1.942896584
4.6301,8,-1.5,-1.83209754,-1.765699375,-1.642676077,-1.941742559
4.6401,8,-1.5,-1.831309202,-1.765151531,-1.64175769,-1.940591151
4.6501,8,-1.5,-1.830522372,-1.764604918,-1.640841943,-1.939442354
4.6601,8,-1.5,-1.829737048,-1.764059534,-1.639930204,-1.938296159
4.6701,8,-1.5,-1.828953222,-1.763515373,-1.6390198,-1.937152561
4.6801,8,-1.5,-1.828170891,-1.76297243,-1.638111995,-1.936011551
4.6901,8,-1.5,-1.82739005,-1.762430701,-1.637206778,-1.934873122
4.7001,8,-1.5,-1.826610695,-1.761890183,-1.636304138,-1.933737268
4.7101,8,-1.5,-1.82583282,-1.76135087,-1.635404064,-1.932603981
4.7201,8,-1.5,-1.825056421,-1.760812757,-1.634506546,-1.931473255
4.7301,8,-1.5,-1.824281493,-1.760275842,-1.633611573,-1.930345081
4.7401,8,-1.5,-1.823508032,-1.759740118,-1.645652028,-1.929219454
4.7501,8,-1.5,-1.822736033,-1.759205583,-1.644756321,-1.928096366
4.7601,8,-1.5,-1.821965491,-1.758672231,-1.643863113,-1.92697581
4.7701,8,-1.5,-1.821196403,-1.758140058,-1.642972392,-1.92585778
4.7801,8,-1.5,-1.820428763,-1.75760906,-1.64208415,-1.924742268
4.7901,8,-1.5,-1.819662566,-1.757079233,-1.641198374,-1.923629268
4.8001,8,-1.5,-1.818897809,-1.756550573,-1.640315056,-1.922518772
4.8101,8,-1.5,-1.818134487,-1.756023075,-1.639434186,-1.921410774
4.8201,8,-1.5,-1.817372596,-1.755496734,-1.638555753,-1.920305268
4.8301,8,-1.5,-1.81661213,-1.754971548,-1.637678472,-1.919202245
4.8401,8,-1.5,-1.815853087,-1.754447511,-1.636805053,-1.918101701
4.8501,8,-1.5,-1.81509546,-1.753924619,-1.63593405,-1.917003627
4.8601,8,-1.5,-1.814339247,-1.753402869,-1.635065313,-1.915908018
4.8701,8,-1.5,-1.813584442,-1.752882256,-1.634199132,-1.914814866
4.8801,8,-1.5,-1.812831042,-1.752362776,-1.633335291,-1.913724165
4.8901,8,-1.5,-1.812079041,-1.751844425,-1.632473784,-1.912635909
4.9001,8,-1.5,-1.811328436,-1.751327199,-1.631614607,-1.911550091
4.9101,8,-1.5,-1.810579223,-1.750811093,-1.630757753,-1.910466703
4.9201,8,-1.5,-1.809831397,-1.750296104,-1.629903219,-1.909385741
4.9301,8,-1.5,-1.809084954,-1.749782228,-1.629050997,-1.908307197
4.9401,8,-1.5,-1.808339889,-1.749269461,-1.628201083,-1.907231066
4.9501,8,-1.5,-1.8075962,-1.748757798,-1.627353469,-1.906157339
4.9601,8,-1.5,-1.80685388,-1.748247235,-1.626508151,-1.905086012
4.9701,8,-1.5,-1.806112928,-1.74773777,-1.625665121,-1.904017078
4.9801,8,-1.5,-1.805373337,-1.747229397,-1.624886484,-1.902950531
4.9901,8,-1.5,-1.804635105,-1.746722113,-1.6239859,-1.901886363
5,8,-1.5,-1.803905588,-1.74622097,-1.623158047,-1.90082457
5.01,8,-1.5,-1.803170046,-1.745715841,-1.622324081,-1.899765145
5.02,8,-1.5,-1.80243585,-1.745211789,-1.621492371,-1.898708081
5.03,8,-1.5,-1.801702996,-1.74470881,-1.620662908,-1.897653374
5.04,8,-1.5,-1.80097148,-1.7442069,-1.619835685,-1.896601015
5.05,8,-1.5,-1.800241298,-1.743706055,-1.619010694,-1.895551
5.06,8,-1.5,-1.799512446,-1.743206274,-1.61818793,-1.894503322
5.07,8,-1.5,-1.79878492,-1.742707549,-1.617367383,-1.893457976
5.08,8,-1.5,-1.798058716,-1.742209877,-1.616549046,-1.892414955
5.09,8,-1.5,-1.79733383,-1.74171219,-1.628792005,-1.891374254
5.1,8,-1.5,-1.796610258,-1.741216649,-1.627971546,-1.890335866
5.11,8,-1.5,-1.795887997,-1.740722151,-1.627153247,-1.889299786
5.12,8,-1.5,-1.795167043,-1.740228694,-1.626337097,-1.888266008
5.13,8,-1.5,-1.794447391,-1.739736272,-1.62552309,-1.887234526
5.14,8,-1.5,-1.793729038,-1.739244882,-1.624711216,-1.886205334
5.15,8,-1.5,-1.79301198,-1.738754519,-1.623901468,-1.885128427
5.16,8,-1.5,-1.792296213,-1.73826518,-1.623093838,-1.884103799
5.17,8,-1.5,-1.791581734,-1.73777686,-1.622288316,-1.883081445
5.18,8,-1.5,-1.790868539,-1.737289557,-1.621484896,-1.882061358
5.19,8,-1.5,-1.790156623,-1.736803225,-1.620683568,-1.881043533
5.2,8,-1.5,-1.789445984,-1.736317853,-1.619884326,-1.880027965
5.21,8,-1.5,-1.788736617,-1.735833584,-1.619087161,-1.879014648
5.22,8,-1.5,-1.78802852,-1.73535032,-1.618292064,-1.878003577
5.23,8,-1.5,-1.787321687,-1.734868053,-1.617499029,-1.876994746
5.24,8,-1.5,-1.786616116,-1.734386777,-1.616708047,-1.87598815
5.25,8,-1.5,-1.785911803,-1.73390649,-1.615918729,-1.874983784
5.26,8,-1.5,-1.785208744,-1.733427188,-1.615131827,-1.873981642
5.27,8,-1.5,-1.784506935,-1.732948868,-1.614346955,-1.872981719
5.28,8,-1.5,-1.783806374,-1.732471527,-1.613564105,-1.87198401
5.29,8,-1.5,-1.783107056,-1.731995161,-1.61278327,-1.870988509
5.3,8,-1.5,-1.782408979,-1.731519766,-1.612004442,-1.869995212
5.31,8,-1.5,-1.781712137,-1.73104534,-1.611227613,-1.869004114
5.32,8,-1.5,-1.781016528,-1.730571878,-1.610452776,-1.868015208
5.33,8,-1.5,-1.780322149,-1.730099378,-1.609679924,-1.867028492
5.34,8,-1.5,-1.779628995,-1.729627836,-1.608909048,-1.866042501
5.35,8,-1.5,-1.778937064,-1.729157249,-1.60814014,-1.865058328
5.36,8,-1.5,-1.778246352,-1.728687613,-1.607373197,-1.864076275
5.37,8,-1.5,-1.777556854,-1.728218926,-1.606608207,-1.863096336
5.38,8,-1.5,-1.776868569,-1.727751183,-1.605845164,-1.862118504
5.39,8,-1.5,-1.776181493,-1.727284381,-1.605084061,-1.861142774
5.4,8,-1.5,-1.775495621,-1.726818517,-1.604324891,-1.860169139
5.41,8,-1.5,-1.774810951,-1.726353589,-1.603567646,-1.859197593
5.42,8,-1.5,-1.77412748,-1.725889591,-1.602812319,-1.85822813
5.43,8,-1.5,-1.773445203,-1.725426522,-1.602058904,-1.857260745
5.44,8,-1.5,-1.772764118,-1.724964377,-1.601307392,-1.856295431
5.45,8,-1.5,-1.772084221,-1.724503154,-1.600557777,-1.855332182
5.46,8,-1.5,-1.77140551,-1.72404285,-1.599810052,-1.854370992
5.47,8,-1.5,-1.770727979,-1.72358346,-1.599064209,-1.853411856
5.48,8,-1.5,-1.770051627,-1.723124982,-1.598320243,-1.852454767
5.49,8,-1.5,-1.769376451,-1.722667413,-1.61073823,-1.851499719
5.5,8,-1.5,-1.768702446,-1.704947835,-1.609991018,-1.850546707
5.51,8,-1.5,-1.768029609,-1.704454553,-1.609245654,-1.849595725
5.52,8,-1.5,-1.767357938,-1.703962246,-1.608502129,-1.848646767
5.53,8,-1.5,-1.766687428,-1.703470911,-1.607760438,-1.847699827
5.54,8,-1.5,-1.766018078,-1.702980544,-1.607020573,-1.846754899
5.55,8,-1.5,-1.765349883,-1.702491142,-1.606282528,-1.845811977
5.56,8,-1.5,-1.76468284,-1.702002702,-1.605546297,-1.844871056
5.57,8,-1.5,-1.764016947,-1.70151522,-1.604811872,-1.843932131
5.58,8,-1.5,-1.7633522,-1.701028694,-1.604079248,-1.842995194
5.59,8,-1.5,-1.762688596,-1.700543118,-1.603348417,-1.842060241
5.6,8,-1.5,-1.762026132,-1.700058491,-1.602619373,-1.841127266
5.61,8,-1.5,-1.761364804,-1.699574809,-1.601892111,-1.840196263
5.62,8,-1.5,-1.76070461,-1.699092069,-1.601166623,-1.839267226
5.63,8,-1.5,-1.760045546,-1.698610267,-1.600442903,-1.83834015
5.64,8,-1.5,-1.75938761,-1.6981294,-1.599720944,-1.83741503
5.65,8,-1.5,-1.758730798,-1.697649464,-1.599000741,-1.836491859
5.66,8,-1.5,-1.758075107,-1.697170457,-1.598282286,-1.835570632
5.67,8,-1.5,-1.757420535,-1.696692375,-1.597565575,-1.834651344
5.68,8,-1.5,-1.756767078,-1.696215214,-1.5968506,-1.833733988
5.69,8,-1.5,-1.756114733,-1.695738972,-1.596137355,-1.83281856
5.7,8,-1.5,-1.755463497,-1.695263646,-1.595425835,-1.831905055
5.71,8,-1.5,-1.754813367,-1.69478923,-1.594716032,-1.830993465
5.72,8,-1.5,-1.75416434,-1.694315726,-1.594007941,-1.830083787
5.73,8,-1.5,-1.753516414,-1.693843126,-1.593301556,-1.829176014
5.74,8,-1.5,-1.752869585,-1.693371428,-1.59259687,-1.828270141
5.75,8,-1.5,-1.75222385,-1.692900629,-1.591893878,-1.827366163
5.76,8,-1.5,-1.751579206,-1.692430727,-1.591192574,-1.826464074
5.77,8,-1.5,-1.750935651,-1.691961718,-1.590492952,-1.825563869
5.78,8,-1.5,-1.750293181,-1.691493598,-1.589795005,-1.824665543
5.79,8,-1.5,-1.749651794,-1.691026364,-1.589098727,-1.82376909
5.8,8,-1.5,-1.749011487,-1.690560014,-1.588404114,-1.822874505
5.81,8,-1.5,-1.748372257,-1.690094545,-1.587711158,-1.821981783
5.82,8,-1.5,-1.7477341,-1.689629953,-1.587019854,-1.821090919
5.83,8,-1.5,-1.747097015,-1.689166234,-1.586330197,-1.820201906
5.84,8,-1.5,-1.746460998,-1.688699507,-1.58564218,-1.81931474
5.85,8,-1.5,-1.745826046,-1.688241408,-1.584955798,-1.818429416
5.86,8,-1.5,-1.745192157,-1.687780294,-1.584271045,-1.817545929
5.87,8,-1.5,-1.744559328,-1.687320042,-1.583587915,-1.816664273
5.88,8,-1.5,-1.743927556,-1.686860648,-1.582906403,-1.815784443
5.89,8,-1.5,-1.743296838,-1.686402111,-1.582226502,-1.814906434
5.9,8,-1.5,-1.742667172,-1.685944426,-1.581548208,-1.814030242
5.91,8,-1.5,-1.742038554,-1.685487591,-1.580871515,-1.81315586
5.92,8,-1.5,-1.741410982,-1.685031604,-1.580196417,-1.812283283
5.93,8,-1.5,-1.740784453,-1.68457646,-1.579522908,-1.811412508
5.94,8,-1.5,-1.740158965,-1.684122157,-1.578850983,-1.810543528
5.95,8,-1.5,-1.739534515,-1.683668692,-1.578180637,-1.809676307
5.96,8,-1.5,-1.738911099,-1.683216062,-1.590733046,-1.808810848
5.97,8,-1.5,-1.738288716,-1.682764265,-1.590058337,-1.807947167
5.98,8,-1.5,-1.737667363,-1.682313297,-1.589385185,-1.807085258
5.99,8,-1.5,-1.737047036,-1.681863155,-1.588713584,-1.806225117
6,8,-1.5,-1.736427734,-1.681413838,-1.588043531,-1.805366739
6.01,8,-1.5,-1.735809453,-1.68096534,-1.587375018,-1.804510118
6.02,8,-1.5,-1.735192192,-1.680517661,-1.586708042,-1.803655251
6.03,8,-1.5,-1.734575947,-1.680070797,-1.586042597,-1.802802131
6.04,8,-1.5,-1.733960715,-1.679624745,-1.585378678,-1.801950753
6.05,8,-1.5,-1.733346494,-1.679179503,-1.58471628,-1.801101114
6.06,8,-1.5,-1.732733282,-1.678735067,-1.584055397,-1.800253207
6.07,8,-1.5,-1.732121076,-1.678291436,-1.583396024,-1.799407028
6.08,8,-1.5,-1.731511784,-1.677848605,-1.582738157,-1.798562573
6.09,8,-1.5,-1.730901603,-1.677406573,-1.58208179,-1.797719836
6.1,8,-1.5,-1.730292419,-1.676965337,-1.581426918,-1.796878811
6.11,8,-1.5,-1.729684232,-1.676524893,-1.580773536,-1.796039496
6.12,8,-1.5,-1.729077038,-1.67608524,-1.58012164,-1.795201884
6.13,8,-1.5,-1.728470834,-1.675646375,-1.579471224,-1.794365971
6.14,8,-1.5,-1.727865618,-1.675208294,-1.578822283,-1.793531752
6.15,8,-1.5,-1.727261388,-1.674770996,-1.578174813,-1.792699222
6.16,8,-1.5,-1.72665814,-1.674334477,-1.577528808,-1.791868376
6.17,8,-1.5,-1.726055873,-1.673898735,-1.576884263,-1.79103921
6.18,8,-1.5,-1.725454584,-1.673463767,-1.576241174,-1.79021172
6.19,8,-1.5,-1.724854271,-1.673029571,-1.575599536,-1.789385899
6.2,8,-1.5,-1.724254931,-1.672596145,-1.574959344,-1.788561744
6.21,8,-1.5,-1.723656561,-1.672163484,-1.574320593,-1.78773925
6.22,8,-1.5,-1.723059159,-1.671731588,-1.573683278,-1.786918411
6.23,8,-1.5,-1.722462723,-1.671300453,-1.573047395,-1.786099225
6.24,8,-1.5,-1.72186725,-1.670870077,-1.572412939,-1.785281685
6.25,8,-1.5,-1.721272738,-1.670440457,-1.571779904,-1.784465787
6.26,8,-1.5,-1.720679185,-1.670011591,-1.571148288,-1.783651527
6.27,8,-1.5,-1.720086587,-1.669583476,-1.570518083,-1.7828389
6.28,8,-1.5,-1.719494943,-1.66915611,-1.569889287,-1.782027902
6.29,8,-1.5,-1.71890425,-1.66872949,-1.569261895,-1.781218527
6.3,8,-1.5,-1.718314506,-1.668303614,-1.568635901,-1.780410771
6.31,8,-1.5,-1.717725708,-1.66787848,-1.568011301,-1.779604631
6.32,8,-1.5,-1.717137854,-1.667454084,-1.56738809,-1.7788001
6.33,8,-1.5,-1.716550942,-1.667030424,-1.566766265,-1.777997175
6.34,8,-1.5,-1.71596497,-1.666607499,-1.56614582,-1.777195852
6.35,8,-1.5,-1.715379934,-1.666185305,-1.565526751,-1.776396125
6.36,8,-1.5,-1.714795833,-1.66576384,-1.564909053,-1.77559799
6.37,8,-1.5,-1.714212664,-1.665343103,-1.564292722,-1.774801443
6.38,8,-1.5,-1.713630425,-1.664923089,-1.563677754,-1.774006479
6.39,8,-1.5,-1.713049114,-1.664503798,-1.563064144,-1.773213095
6.4,8,-1.5,-1.712468729,-1.664085226,-1.562451887,-1.772421285
6.41,8,-1.5,-1.711889266,-1.663667372,-1.561840979,-1.771631045
6.42,8,-1.5,-1.711310725,-1.663250233,-1.561231416,-1.770842371
6.43,8,-1.5,-1.710733102,-1.662833806,-1.560623193,-1.770055258
6.44,8,-1.5,-1.710156395,-1.66241809,-1.560016306,-1.769269702
6.45,8,-1.5,-1.709580602,-1.662003082,-1.559410751,-1.768485699
6.46,8,-1.5,-1.709005721,-1.66158878,-1.558806524,-1.767703244
6.47,8,-1.5,-1.70843175,-1.661175184,-1.558203619,-1.766922334
6.48,8,-1.5,-1.707858686,-1.660762286,-1.557602033,-1.766142963
6.49,8,-1.5,-1.707286527,-1.660350088,-1.557001761,-1.765365128
6.5,8,-1.5,-1.706715271,-1.659938587,-1.5564028,-1.764588824
6.51,8,-1.5,-1.706144916,-1.65952778,-1.569040025,-1.763814047
6.52,8,-1.5,-1.705575459,-1.659117665,-1.568435738,-1.763040793
6.53,8,-1.5,-1.705006899,-1.65870824,-1.567832746,-1.762269057
6.54,8,-1.5,-1.704439232,-1.658299504,-1.567231045,-1.761498836
6.55,8,-1.5,-1.703872458,-1.657891453,-1.566630632,-1.760730125
6.56,8,-1.5,-1.703306573,-1.657484086,-1.566031502,-1.75996292
6.57,8,-1.5,-1.702741576,-1.657077401,-1.56543365,-1.759197217
6.58,8,-1.5,-1.702177464,-1.656671395,-1.564837074,-1.758433011
6.59,8,-1.5,-1.701614236,-1.656266065,-1.564241769,-1.757670299
6.6,8,-1.5,-1.701051889,-1.655861411,-1.563647731,-1.756909076
6.61,8,-1.5,-1.70049042,-1.65545743,-1.563054956,-1.756149339
6.62,8,-1.5,-1.699929829,-1.655054604,-1.56246344,-1.755391082
6.63,8,-1.5,-1.699370112,-1.654651942,-1.56187318,-1.754634303
6.64,8,-1.5,-1.698811269,-1.654249947,-1.56128417,-1.753878997
6.65,8,-1.5,-1.698253295,-1.653848617,-1.560696409,-1.75312516
6.66,8,-1.5,-1.69769619,-1.653447951,-1.56010989,-1.752372788
6.67,8,-1.5,-1.697139952,-1.653047946,-1.559524612,-1.751621876
6.68,8,-1.5,-1.696584578,-1.6526486,-1.558940569,-1.750872422
6.69,8,-1.5,-1.696030066,-1.652249911,-1.558357758,-1.750124421
6.7,8,-1.5,-1.695476414,-1.651851878,-1.557776175,-1.749377868
6.71,8,-1.5,-1.694923621,-1.651454497,-1.557195817,-1.74863276
6.72,8,-1.5,-1.694371683,-1.651057767,-1.556616679,-1.747889094
6.73,8,-1.5,-1.6938206,-1.650661686,-1.556038758,-1.747146864
6.74,8,-1.5,-1.693270368,-1.650266252,-1.55546205,-1.746406067
6.75,8,-1.5,-1.692720987,-1.649871463,-1.554886551,-1.7456667
6.76,8,-1.5,-1.692172453,-1.649477317,-1.554312257,-1.744928758
6.77,8,-1.5,-1.691624766,-1.649083812,-1.553739166,-1.744192237
6.78,8,-1.5,-1.691077922,-1.648690946,-1.553167272,-1.743457134
6.79,8,-1.5,-1.69053192,-1.648298717,-1.552596573,-1.742723444
6.8,8,-1.5,-1.689986758,-1.647907123,-1.552027064,-1.741991164
6.81,8,-1.5,-1.689442434,-1.647516162,-1.551458742,-1.74126029
6.82,8,-1.5,-1.688898946,-1.647125833,-1.550891604,-1.740530817
6.83,8,-1.5,-1.688356292,-1.646736133,-1.550325645,-1.739802744
6.84,8,-1.5,-1.68781447,-1.64634706,-1.549760863,-1.739076064
6.85,8,-1.5,-1.687273478,-1.645958612,-1.549197252,-1.738350775
6.86,8,-1.5,-1.686733314,-1.645570789,-1.548634811,-1.737626874
6.87,8,-1.5,-1.686193976,-1.645183587,-1.548073535,-1.736904355
6.88,8,-1.5,-1.685655463,-1.644797005,-1.547513421,-1.736183215
6.89,8,-1.5,-1.685117771,-1.644411041,-1.546954465,-1.735463451
6.9,8,-1.5,-1.6845809,-1.644025693,-1.546396664,-1.734745059
6.91,8,-1.5,-1.684044848,-1.643640959,-1.545840013,-1.734028035
6.92,8,-1.5,-1.683509612,-1.643256838,-1.54528451,-1.733312376
6.93,8,-1.5,-1.682975191,-1.642873328,-1.544730152,-1.732598077
6.94,8,-1.5,-1.682441582,-1.642490427,-1.544176934,-1.731885135
6.95,8,-1.5,-1.681908784,-1.642108133,-1.543624853,-1.731173547
6.96,8,-1.5,-1.681376795,-1.641726444,-1.543073906,-1.730463308
6.97,8,-1.5,-1.680845613,-1.641345358,-1.542524089,-1.729754416
6.98,8,-1.5,-1.680315236,-1.621334972,-1.541975399,-1.729046866
6.99,8,-1.5,-1.679785663,-1.620923523,-1.541427832,-1.728340654
7,8,-1.5,-1.679256891,-1.620512728,-1.540881386,-1.727635778
7.01,8,-1.5,-1.678728918,-1.620102584,-1.540336056,-1.726932234
7.02,8,-1.5,-1.678201743,-1.619693089,-1.539791839,-1.726230017
7.03,8,-1.5,-1.677675365,-1.619284244,-1.539248732,-1.725529125
7.04,8,-1.5,-1.67714978,-1.618876484,-1.538706732,-1.724829554
7.05,8,-1.5,-1.676624987,-1.61846891,-1.538165834,-1.7241313
7.06,8,-1.5,-1.676100985,-1.61806198,-1.537626037,-1.72343436
7.07,8,-1.5,-1.675577771,-1.617655691,-1.537087336,-1.72273873
7.08,8,-1.5,-1.675055344,-1.617250042,-1.536549729,-1.722044407
7.09,8,-1.5,-1.674533702,-1.616845032,-1.536013212,-1.721351387
7.1,8,-1.5,-1.674012843,-1.616440658,-1.535477781,-1.720659667
7.11,8,-1.5,-1.673492765,-1.616036918,-1.534943434,-1.719969244
7.12,8,-1.5,-1.672973467,-1.615633812,-1.534410598,-1.719280113
7.13,8,-1.5,-1.672454947,-1.615231337,-1.533878392,-1.718592271
7.14,8,-1.5,-1.671937202,-1.614829492,-1.53334726,-1.717905715
7.15,8,-1.5,-1.671420232,-1.614428275,-1.5328172,-1.717220442
7.16,8,-1.5,-1.670904035,-1.614027684,-1.532288207,-1.716536448
7.17,8,-1.5,-1.670388608,-1.613627718,-1.531760279,-1.715853729
7.18,8,-1.5,-1.669873949,-1.613228375,-1.544405799,-1.715172283
7.19,8,-1.5,-1.669360058,-1.612829653,-1.543871752,-1.714492105
7.2,8,-1.5,-1.668846933,-1.612431552,-1.543338759,-1.713814606
7.21,8,-1.5,-1.668334571,-1.612034068,-1.542806819,-1.713136927
7.22,8,-1.5,-1.667822971,-1.611637201,-1.542275927,-1.712460508
7.23,8,-1.5,-1.667312131,-1.611240948,-1.541746081,-1.711785344
7.24,8,-1.5,-1.66680205,-1.61084531,-1.541217277,-1.711111432
7.25,8,-1.5,-1.666292726,-1.610450282,-1.540689513,-1.710438769
7.26,8,-1.5,-1.665784157,-1.610055865,-1.540162786,-1.709767352
7.27,8,-1.5,-1.665276341,-1.609662057,-1.539637093,-1.709097177
7.28,8,-1.5,-1.664769276,-1.609268855,-1.539112431,-1.708428241
7.29,8,-1.5,-1.664262962,-1.608876259,-1.538588796,-1.707760541
7.3,8,-1.5,-1.663757396,-1.608484266,-1.538066186,-1.707094074
7.31,8,-1.5,-1.663252577,-1.608092876,-1.537544598,-1.706428835
7.32,8,-1.5,-1.662748502,-1.607702087,-1.537024029,-1.705764823
7.33,8,-1.5,-1.662245171,-1.607311897,-1.536504476,-1.705102033
7.34,8,-1.5,-1.661742581,-1.606922304,-1.535985937,-1.704440463
7.35,8,-1.5,-1.661240732,-1.606533307,-1.535468407,-1.703780109
7.36,8,-1.5,-1.66073962,-1.606144905,-1.534951885,-1.703120968
7.37,8,-1.5,-1.660239245,-1.605757096,-1.534436367,-1.702463038
7.38,8,-1.5,-1.659739606,-1.605369879,-1.533921851,-1.701806313
7.39,8,-1.5,-1.659240699,-1.604983252,-1.533408334,-1.701150793
7.4,8,-1.5,-1.658742524,-1.604597213,-1.532895812,-1.700496472
7.41,8,-1.5,-1.65824508,-1.604211761,-1.532384284,-1.699843349
7.42,8,-1.5,-1.657748363,-1.603826895,-1.531873745,-1.69919142
7.43,8,-1.5,-1.657252374,-1.603442613,-1.531364195,-1.698540682
7.44,8,-1.5,-1.65675711,-1.603058913,-1.530855628,-1.697891132
7.45,8,-1.5,-1.656262569,-1.602675795,-1.530348044,-1.697242767
7.46,8,-1.5,-1.65576875,-1.602293256,-1.529841438,-1.696595583
7.47,8,-1.5,-1.655275652,-1.601911295,-1.529335809,-1.695949578
7.48,8,-1.5,-1.654783272,-1.601529912,-1.528831153,-1.695304748
7.49,8,-1.5,-1.65429161,-1.601149103,-1.528327468,-1.69466109
7.5,8,-1.5,-1.653800663,-1.600768869,-1.527824751,-1.694018602
7.51,8,-1.5,-1.653310431,-1.600389207,-1.527322998,-1.69337728
7.52,8,-1.5,-1.652820911,-1.600010115,-1.526822209,-1.692737121
7.53,8,-1.5,-1.652332101,-1.599631594,-1.526322379,-1.692098122
7.54,8,-1.5,-1.651844001,-1.59925364,-1.525823506,-1.691460281
7.55,8,-1.5,-1.651356609,-1.598876254,-1.525325587,-1.690823594
7.56,8,-1.5,-1.650869923,-1.598499433,-1.52482862,-1.690188057
7.57,8,-1.5,-1.650383942,-1.598123176,-1.524332602,-1.689553669
7.58,8,-1.5,-1.649898664,-1.597747481,-1.523837531,-1.688920426
7.59,8,-1.5,-1.649414087,-1.597372348,-1.523343402,-1.688288326
7.6,8,-1.5,-1.648930211,-1.596997774,-1.522850215,-1.687657364
7.61,8,-1.5,-1.648447033,-1.596623759,-1.522357966,-1.687027539
7.62,8,-1.5,-1.647964552,-1.5962503,-1.521866653,-1.686398847
7.63,8,-1.5,-1.647482766,-1.595877397,-1.521376273,-1.685771286
7.64,8,-1.5,-1.647001675,-1.595505049,-1.520886823,-1.685144852
7.65,8,-1.5,-1.646521276,-1.595133254,-1.520398301,-1.684519542
7.66,8,-1.5,-1.646041567,-1.59476201,-1.519910705,-1.683895354
7.67,8,-1.5,-1.645562549,-1.594391317,-1.519424031,-1.683272285
7.68,8,-1.5,-1.645084218,-1.594021172,-1.518938277,-1.682650332
7.69,8,-1.5,-1.644606573,-1.593651575,-1.51845344,-1.682029492
7.7,8,-1.5,-1.644129614,-1.593282525,-1.517969519,-1.681409761
7.71,8,-1.5,-1.643653338,-1.592914019,-1.51748651,-1.680791139
7.72,8,-1.5,-1.643177744,-1.592546057,-1.51700441,-1.68017362
7.73,8,-1.5,-1.64270283,-1.592178637,-1.516523219,-1.679557203
7.74,8,-1.5,-1.642228596,-1.591811758,-1.516042931,-1.678941885
7.75,8,-1.5,-1.641755039,-1.591445419,-1.515563546,-1.678327662
7.76,8,-1.5,-1.641282158,-1.591079618,-1.515085061,-1.677714533
7.77,8,-1.5,-1.640809952,-1.590714355,-1.514607474,-1.677102494
7.78,8,-1.5,-1.640338419,-1.590349627,-1.51413078,-1.676491542
7.79,8,-1.5,-1.639867558,-1.589985433,-1.51365498,-1.675881675
7.8,8,-1.5,-1.639397367,-1.589621773,-1.513180069,-1.67527289
7.81,8,-1.5,-1.638927845,-1.589258645,-1.512706045,-1.674665185
7.82,8,-1.5,-1.63845899,-1.588896048,-1.512232907,-1.674058555
7.83,8,-1.5,-1.637990802,-1.58853398,-1.511760651,-1.673452999
7.84,8,-1.5,-1.637523277,-1.58817244,-1.511289275,-1.672848514
7.85,8,-1.5,-1.637056417,-1.587811427,-1.510818776,-1.672245098
7.86,8,-1.5,-1.636590217,-1.587450939,-1.510349153,-1.671642746
7.87,8,-1.5,-1.636124679,-1.587090976,-1.509880403,-1.671041457
7.88,8,-1.5,-1.635659799,-1.586731536,-1.509412523,-1.670441229
7.89,8,-1.5,-1.635195576,-1.586372618,-1.508945511,-1.669842057
7.9,8,-1.5,-1.63473201,-1.586014221,-1.508479365,-1.669243941
7.91,8,-1.5,-1.634269098,-1.585656343,-1.508014082,-1.668646876
7.92,8,-1.5,-1.63380684,-1.585298984,-1.507549659,-1.66805086
7.93,8,-1.5,-1.633345233,-1.584942141,-1.507086096,-1.667455891
7.94,8,-1.5,-1.632884277,-1.584585814,-1.506623389,-1.666861966
7.95,8,-1.5,-1.632423971,-1.584230002,-1.506161535,-1.666269082
7.96,8,-1.5,-1.631964312,-1.583874703,-1.505700533,-1.665677237
7.97,8,-1.5,-1.631505299,-1.583519917,-1.50524038,-1.665086428
7.98,8,-1.5,-1.631046931,-1.583165641,-1.517814138,-1.664496652
7.99,8,-1.5,-1.630589208,-1.582811875,-1.517347278,-1.663907907
8,8,-1.5,-1.630132126,-1.582458617,-1.516881261,-1.66332019
8.01,8,-1.5,-1.629675685,-1.582105867,-1.516416086,-1.662733499
8.02,8,-1.5,-1.629219884,-1.581753624,-1.515951751,-1.66214783
8.03,8,-1.5,-1.628764722,-1.581401885,-1.515488252,-1.661563182
8.04,8,-1.5,-1.628310196,-1.58105065,-1.51502559,-1.660979552
8.05,8,-1.5,-1.627856306,-1.580699918,-1.51456376,-1.660396937
8.06,8,-1.5,-1.62740305,-1.580349687,-1.514102761,-1.659815335
8.07,8,-1.5,-1.626950426,-1.579999957,-1.51364259,-1.659234743
8.08,8,-1.5,-1.626498435,-1.579650726,-1.513183246,-1.658655159
8.09,8,-1.5,-1.626047073,-1.579301993,-1.512724726,-1.65807658
8.1,8,-1.5,-1.625596341,-1.578953756,-1.512267029,-1.657499003
8.11,8,-1.5,-1.625146236,-1.578606016,-1.511810151,-1.656922426
8.12,8,-1.5,-1.624696758,-1.578258755,-1.511354091,-1.656346847
8.13,8,-1.5,-1.624247904,-1.577912018,-1.510898847,-1.655772262
8.14,8,-1.5,-1.623799674,-1.577565758,-1.510444416,-1.655198671
8.15,8,-1.5,-1.623352067,-1.577219989,-1.509990892,-1.654626069
8.16,8,-1.5,-1.622905081,-1.576874711,-1.509538076,-1.654054455
8.17,8,-1.5,-1.622458714,-1.576529921,-1.509086068,-1.653483826
8.18,8,-1.5,-1.622012966,-1.576185619,-1.508634865,-1.65291418
8.19,8,-1.5,-1.621567835,-1.575841804,-1.508184466,-1.652345514
8.2,8,-1.5,-1.62112332,-1.575498475,-1.507734868,-1.651777825
8.21,8,-1.5,-1.62067942,-1.57515563,-1.507286068,-1.651211112
8.22,8,-1.5,-1.620236133,-1.574813268,-1.506838066,-1.650645372
8.23,8,-1.5,-1.619793458,-1.574471389,-1.506390859,-1.650080602
8.24,8,-1.5,-1.619351394,-1.574129991,-1.505944445,-1.6495168
8.25,8,-1.5,-1.61890994,-1.573789074,-1.505498821,-1.648953964
8.26,8,-1.5,-1.618469094,-1.573448635,-1.505053986,-1.648392091
8.27,8,-1.5,-1.618028855,-1.573108674,-1.504609938,-1.647831179
8.28,8,-1.5,-1.617589222,-1.57276919,-1.504166674,-1.647271225
8.29,8,-1.5,-1.617150193,-1.572430182,-1.503724193,-1.646712227
8.3,8,-1.5,-1.616711768,-1.572091649,-1.503282493,-1.646154183
8.31,8,-1.5,-1.616273944,-1.57175359,-1.50284157,-1.645597091
8.32,8,-1.5,-1.615836722,-1.571416003,-1.502401425,-1.645040947
8.33,8,-1.5,-1.615400099,-1.571078887,-1.501962054,-1.64448575
8.34,8,-1.5,-1.614964074,-1.570742242,-1.501523455,-1.643931497
8.35,8,-1.5,-1.614528647,-1.570406067,-1.501085627,-1.643378187
8.36,8,-1.5,-1.614093815,-1.570068982,-1.500648568,-1.642825815
8.37,8,-1.5,-1.613659579,-1.569733763,-1.500212275,-1.642274382
8.38,8,-1.5,-1.613225935,-1.569399009,-1.499776746,-1.641723883
8.39,8,-1.5,-1.612792884,-1.569064723,-1.49934198,-1.641174317
8.4,8,-1.5,-1.612360424,-1.568730902,-1.498907975,-1.640625681
8.41,8,-1.5,-1.611928554,-1.568397544,-1.498474728,-1.640077973
8.42,8,-1.5,-1.611497272,-1.568064649,-1.498042238,-1.639531191
8.43,8,-1.5,-1.611066578,-1.567732215,-1.497610505,-1.638985333
8.44,8,-1.5,-1.61063647,-1.567400241,-1.497179509,-1.638440396
8.45,8,-1.5,-1.610206947,-1.567068727,-1.496749279,-1.637896378
8.46,8,-1.5,-1.609778008,-1.566737671,-1.496319797,-1.637353277
8.47,8,-1.5,-1.609349651,-1.566407072,-1.495891062,-1.63681109
8.48,8,-1.5,-1.608921876,-1.566076929,-1.495463072,-1.636269816
8.49,8,-1.5,-1.608494682,-1.565747241,-1.495035825,-1.635729451
8.5,8,-1.5,-1.608068066,-1.565418007,-1.494609319,-1.635189995
8.51,8,-1.5,-1.607642029,-1.565089226,-1.494183553,-1.634651444
8.52,8,-1.5,-1.607216568,-1.564760896,-1.493758524,-1.634113796
8.53,8,-1.5,-1.606791682,-1.564433018,-1.493334394,-1.633577049
8.54,8,-1.5,-1.606367372,-1.56410559,-1.492910818,-1.633041202
8.55,8,-1.5,-1.605943634,-1.563778555,-1.492487975,-1.632506251
8.56,8,-1.5,-1.605520469,-1.563451999,-1.492065864,-1.631972195
8.57,8,-1.5,-1.605097874,-1.563125847,-1.491644481,-1.631439032
8.58,8,-1.5,-1.604675849,-1.562800181,-1.491223826,-1.630906758
8.59,8,-1.5,-1.604254393,-1.562474999,-1.490803897,-1.630375373
8.6,8,-1.5,-1.603833505,-1.562150258,-1.490384691,-1.629844873
8.61,8,-1.5,-1.603413183,-1.56182596,-1.489966206,-1.629315258
8.62,8,-1.5,-1.602993426,-1.561502103,-1.489548442,-1.628786524
8.63,8,-1.5,-1.602574233,-1.561179137,-1.489131395,-1.628258669
8.64,8,-1.5,-1.602155604,-1.560855711,-1.488715064,-1.627731692
8.65,8,-1.5,-1.601737536,-1.560533173,-1.488299447,-1.62720559
8.66,8,-1.5,-1.601320028,-1.560211072,-1.487884543,-1.626680361
8.67,8,-1.5,-1.600903081,-1.559889409,-1.487470349,-1.626156004
8.68,8,-1.5,-1.600486692,-1.559568181,-1.487056863,-1.625632515
8.69,8,-1.5,-1.60007086,-1.559247388,-1.486644085,-1.625109893
8.7,8,-1.5,-1.599655584,-1.558927029,-1.486232011,-1.624588135
8.71,8,-1.5,-1.599240864,-1.558607103,-1.48582064,-1.62406724
8.72,8,-1.5,-1.598826698,-1.55828761,-1.485409971,-1.623547206
8.73,8,-1.5,-1.598413084,-1.557968547,-1.485000001,-1.62302803
8.74,8,-1.5,-1.598000023,-1.557649915,-1.484590729,-1.622509711
8.75,8,-1.5,-1.597587512,-1.557331712,-1.484182153,-1.621992246
8.76,8,-1.5,-1.59717555,-1.557013938,-1.483774271,-1.621475633
8.77,8,-1.5,-1.596764138,-1.556696591,-1.483367082,-1.620959871
8.78,8,-1.5,-1.596353272,-1.556379671,-1.482960583,-1.620444956
8.79,8,-1.5,-1.595942954,-1.556063177,-1.482554773,-1.619930888
8.8,8,-1.5,-1.59553318,-1.555747108,-1.48214965,-1.619417664
8.81,8,-1.5,-1.595123951,-1.555431463,-1.481745213,-1.618905282
8.82,8,-1.5,-1.594715264,-1.555116241,-1.481341459,-1.61839374
8.83,8,-1.5,-1.59430712,-1.554801441,-1.480936615,-1.617883037
8.84,8,-1.5,-1.593899517,-1.554487063,-1.480534385,-1.617373169
8.85,8,-1.5,-1.593492453,-1.554173105,-1.480132852,-1.616864135
8.86,8,-1.5,-1.593085929,-1.553859566,-1.479732002,-1.616355934
8.87,8,-1.5,-1.592679942,-1.553546447,-1.479331631,-1.615848562
8.88,8,-1.5,-1.592274492,-1.553233745,-1.478932189,-1.615342019
8.89,8,-1.5,-1.591869578,-1.55292146,-1.478533384,-1.614836302
8.9,8,-1.5,-1.591465198,-1.552609591,-1.478135218,-1.614331433
8.91,8,-1.5,-1.591061352,-1.552298138,-1.477737691,-1.613828001
8.92,8,-1.5,-1.590658038,-1.551987099,-1.477340805,-1.613325384
8.93,8,-1.5,-1.590255256,-1.551676473,-1.476944559,-1.61282358
8.94,8,-1.5,-1.589853004,-1.55136626,-1.476548956,-1.612322587
8.95,8,-1.5,-1.589451281,-1.551056459,-1.476153996,-1.611822403
8.96,8,-1.5,-1.589050087,-1.550747069,-1.47575968,-1.611323026
8.97,8,-1.5,-1.588649421,-1.550438089,-1.488147131,-1.610824454
8.98,8,-1.5,-1.58824928,-1.550129518,-1.487745547,-1.610326686
8.99,8,-1.5,-1.587849665,-1.549821355,-1.487344887,-1.609829719
9,8,-1.5,-1.587450574,-1.549513601,-1.486944674,-1.609333551
9.01,8,-1.5,-1.587052006,-1.549206252,-1.48654512,-1.608838182
9.02,8,-1.5,-1.58665396,-1.54889931,-1.486146229,-1.608343608
9.03,8,-1.5,-1.586256436,-1.548592773,-1.485749812,-1.607849828
9.04,8,-1.5,-1.585859431,-1.54828664,-1.485352366,-1.60735684
9.05,8,-1.5,-1.585462946,-1.54798091,-1.484955569,-1.606864642
9.06,8,-1.5,-1.585066979,-1.547675582,-1.484559419,-1.606373233
9.07,8,-1.5,-1.584671529,-1.547370657,-1.484163915,-1.60588261
9.08,8,-1.5,-1.584276595,-1.547066132,-1.483769056,-1.605392772
9.09,8,-1.5,-1.583882177,-1.546762007,-1.483374839,-1.604903717
9.1,8,-1.5,-1.583488272,-1.546458282,-1.482981264,-1.604415442
9.11,8,-1.5,-1.58309488,-1.546154955,-1.482588328,-1.603927947
9.12,8,-1.5,-1.582702001,-1.545852025,-1.482196031,-1.603441229
9.13,8,-1.5,-1.582309633,-1.545549493,-1.481804371,-1.602955286
9.14,8,-1.5,-1.581917775,-1.545247356,-1.481413346,-1.602470117
9.15,8,-1.5,-1.581526426,-1.544945614,-1.481022956,-1.60198572
9.16,8,-1.5,-1.581135585,-1.544644267,-1.480633197,-1.601502093
9.17,8,-1.5,-1.580745251,-1.544343313,-1.48024407,-1.601019235
9.18,8,-1.5,-1.580355424,-1.544042752,-1.479855572,-1.600537143
9.19,8,-1.5,-1.579966102,-1.543742583,-1.479467702,-1.600055815
9.2,8,-1.5,-1.579577284,-1.543442805,-1.479080459,-1.599575251
9.21,8,-1.5,-1.579188969,-1.543143417,-1.478693841,-1.599095447
9.22,8,-1.5,-1.578801157,-1.542844419,-1.478307847,-1.598616403
9.23,8,-1.5,-1.578413846,-1.54254581,-1.477922475,-1.598138117
9.24,8,-1.5,-1.578027035,-1.542247588,-1.477537724,-1.597660587
9.25,8,-1.5,-1.577640724,-1.541949754,-1.477153592,-1.59718381
9.26,8,-1.5,-1.577254912,-1.541652306,-1.476770078,-1.596707787
9.27,8,-1.5,-1.576869597,-1.541355244,-1.476387181,-1.596232513
9.28,8,-1.5,-1.576484778,-1.541058616,-1.476004899,-1.595757989
9.29,8,-1.5,-1.576100455,-1.540762273,-1.475623231,-1.595284212
9.3,8,-1.5,-1.575716627,-1.540466362,-1.475242175,-1.59481118
9.31,8,-1.5,-1.575333293,-1.540170835,-1.47486173,-1.594338892
9.32,8,-1.5,-1.574950451,-1.539875689,-1.474481895,-1.593867346
9.33,8,-1.5,-1.574568101,-1.53958002,-1.474102667,-1.593396541
9.34,8,-1.5,-1.574186242,-1.539286539,-1.473724047,-1.592926474
9.35,8,-1.5,-1.573804873,-1.538992533,-1.473346032,-1.592457144
9.36,8,-1.5,-1.573423994,-1.538698906,-1.472968621,-1.591988549
9.37,8,-1.5,-1.573043602,-1.538405657,-1.472591813,-1.591520688
9.38,8,-1.5,-1.572663697,-1.538112785,-1.472215607,-1.591003559
9.39,8,-1.5,-1.572284279,-1.537820289,-1.47184,-1.59053716
9.4,8,-1.5,-1.571905346,-1.537528169,-1.4714648,-1.590071489
9.41,8,-1.5,-1.571526897,-1.537236424,-1.471090373,-1.589606546
9.42,8,-1.5,-1.571148932,-1.536945053,-1.470716541,-1.589142327
9.43,8,-1.5,-1.57077145,-1.536654055,-1.470343302,-1.588678833
9.44,8,-1.5,-1.570394449,-1.53636343,-1.469970655,-1.58821606
9.45,8,-1.5,-1.570017929,-1.536073177,-1.469598599,-1.587754007
9.46,8,-1.5,-1.569641889,-1.535783295,-1.469227133,-1.587292673
9.47,8,-1.5,-1.569266327,-1.535493783,-1.468856254,-1.586832056
9.48,8,-1.5,-1.568891244,-1.535204641,-1.468485962,-1.586372154
9.49,8,-1.5,-1.568516638,-1.534915868,-1.468116256,-1.585912967
9.5,8,-1.5,-1.568142508,-1.534627463,-1.467747133,-1.585454491
9.51,8,-1.5,-1.567768853,-1.512588199,-1.467378593,-1.584996726
9.52,8,-1.5,-1.567395673,-1.51227778,-1.467010634,-1.584539669
9.53,8,-1.5,-1.567022967,-1.51196777,-1.466643256,-1.58408332
9.54,8,-1.5,-1.566650733,-1.511658168,-1.466276455,-1.583627677
9.55,8,-1.5,-1.566278971,-1.511348974,-1.465910232,-1.583172738
9.56,8,-1.5,-1.565907679,-1.511040186,-1.465544585,-1.582718501
9.57,8,-1.5,-1.565536858,-1.510731804,-1.465179512,-1.582264965
9.58,8,-1.5,-1.565166506,-1.510423828,-1.464815013,-1.581812129
9.59,8,-1.5,-1.564796622,-1.510116255,-1.464451086,-1.581359991
9.6,8,-1.5,-1.564427205,-1.509809087,-1.464087729,-1.580908548
9.61,8,-1.5,-1.564058255,-1.50950232,-1.463724941,-1.580457801
9.62,8,-1.5,-1.563689771,-1.509195956,-1.463362722,-1.580007746
9.63,8,-1.5,-1.563321751,-1.508889993,-1.463001069,-1.579558383
9.64,8,-1.5,-1.562954195,-1.508584431,-1.462639982,-1.57910971
9.65,8,-1.5,-1.562587102,-1.508279268,-1.462279458,-1.578661725
9.66,8,-1.5,-1.562220472,-1.507974504,-1.461919498,-1.578214427
9.67,8,-1.5,-1.561854302,-1.507670138,-1.461560099,-1.577767815
9.68,8,-1.5,-1.561488593,-1.50736617,-1.46120126,-1.577321887
9.69,8,-1.5,-1.561123344,-1.507062598,-1.435925241,-1.57687664
9.7,8,-1.5,-1.560758553,-1.506759421,-1.460485258,-1.576432075
9.71,8,-1.5,-1.56039422,-1.50645664,-1.460128092,-1.575988189
9.72,8,-1.5,-1.560030344,-1.506154253,-1.459771481,-1.57554498
9.73,8,-1.5,-1.559666925,-1.50585226,-1.459415424,-1.575102448
9.74,8,-1.5,-1.55930396,-1.505550659,-1.45905992,-1.574660591
9.75,8,-1.5,-1.55894145,-1.505249451,-1.458704967,-1.574219406
9.76,8,-1.5,-1.558579394,-1.504948633,-1.458350564,-1.573778894
9.77,8,-1.5,-1.558215701,-1.504648206,-1.45799671,-1.573339052
9.78,8,-1.5,-1.557854591,-1.504348169,-1.457643403,-1.572899878
9.79,8,-1.5,-1.557493933,-1.504048521,-1.457290643,-1.572461372
9.8,8,-1.5,-1.557133726,-1.503749262,-1.456938428,-1.572023532
9.81,8,-1.5,-1.556773968,-1.503450389,-1.456586756,-1.571586356
9.82,8,-1.5,-1.55641466,-1.503151904,-1.456235628,-1.571149842
9.83,8,-1.5,-1.556055799,-1.502853805,-1.45588504,-1.570713991
9.84,8,-1.5,-1.555697386,-1.502556091,-1.455534993,-1.570278799
9.85,8,-1.5,-1.55533942,-1.502258761,-1.455185485,-1.569844265
9.86,8,-1.5,-1.554981899,-1.501961815,-1.454836514,-1.569410389
9.87,8,-1.5,-1.554624823,-1.501665253,-1.45448808,-1.568977168
9.88,8,-1.5,-1.554268191,-1.501369073,-1.454140181,-1.568544602
9.89,8,-1.5,-1.553912002,-1.501073274,-1.453792817,-1.568112688
9.9,8,-1.5,-1.553556256,-1.500777857,-1.453445985,-1.567681425
9.91,8,-1.5,-1.553200951,-1.500482819,-1.453099685,-1.567250812
9.92,8,-1.5,-1.552846087,-1.500188161,-1.452753915,-1.566820848
9.93,8,-1.5,-1.552491663,-1.499893882,-1.452408674,-1.56639153
9.94,8,-1.5,-1.552137678,-1.499599981,-1.452063962,-1.565962858
9.95,8,-1.5,-1.551784132,-1.499306458,-1.451719776,-1.565534831
9.96,8,-1.5,-1.551431023,-1.499013311,-1.451376116,-1.565107446
9.97,8,-1.5,-1.551078351,-1.498720539,-1.451032981,-1.564680702
9.98,8,-1.5,-1.550726116,-1.498428143,-1.450690369,-1.564254598
9.99,8,-1.5,-1.550374315,-1.498136122,-1.450348279,-1.563829133
10,8,-1.5,-1.550022949,-1.497844474,-1.45000671,-1.563404305
10.01,8,-1.5,-1.549672016,-1.4975532,-1.449665661,-1.562980113
10.02,8,-1.5,-1.549321516,-1.497262297,-1.44932513,-1.562556555
10.03,8,-1.5,-1.548971449,-1.496971767,-1.448985117,-1.56213363
10.04,8,-1.5,-1.548621812,-1.496681607,-1.448645621,-1.561711336
10.05,8,-1.5,-1.548272606,-1.496391818,-1.448306639,-1.561289673
10.06,8,-1.5,-1.54792383,-1.496102398,-1.447968172,-1.560868639
10.07,8,-1.5,-1.547575483,-1.495813347,-1.447630217,-1.560448233
10.08,8,-1.5,-1.547227564,-1.495524665,-1.447292775,-1.560028452
10.09,8,-1.5,-1.546880072,-1.495236349,-1.446955842,-1.559609296
10.1,8,-1.5,-1.546533007,-1.494948401,-1.44661942,-1.559190764
10.11,8,-1.5,-1.546186368,-1.494660819,-1.446283505,-1.558772854
10.12,8,-1.5,-1.545840154,-1.494373602,-1.445948098,-1.558355564
10.13,8,-1.5,-1.545494364,-1.49408675,-1.445613197,-1.557938894
10.14,8,-1.5,-1.545148997,-1.493800262,-1.4452788,-1.557522842
10.15,8,-1.5,-1.544804054,-1.493514137,-1.444944908,-1.557107407
10.16,8,-1.5,-1.544459532,-1.493228375,-1.444611518,-1.556692587
10.17,8,-1.5,-1.544115432,-1.492942975,-1.44427863,-1.556278381
10.18,8,-1.5,-1.543771753,-1.492657936,-1.443946243,-1.555864788
10.19,8,-1.5,-1.543428334,-1.492373258,-1.443614354,-1.555451806
10.2,8,-1.5,-1.543085652,-1.49208894,-1.455693242,-1.555039435
10.21,8,-1.5,-1.542743229,-1.491804982,-1.455354374,-1.554627672
10.22,8,-1.5,-1.542401224,-1.491521382,-1.455016006,-1.554216517
10.23,8,-1.5,-1.542059636,-1.491238142,-1.454678136,-1.553805968
10.24,8,-1.5,-1.541718464,-1.490955255,-1.454340763,-1.553396023
10.25,8,-1.5,-1.541377706,-1.490672727,-1.454003886,-1.552986683
10.26,8,-1.5,-1.541037364,-1.490390555,-1.453667504,-1.552577944
10.27,8,-1.5,-1.540697435,-1.490108739,-1.453331617,-1.552169807
10.28,8,-1.5,-1.54035792,-1.489827277,-1.452996222,-1.55176227
10.29,8,-1.5,-1.540018816,-1.489546169,-1.45266132,-1.551355331
10.3,8,-1.5,-1.539680124,-1.489265414,-1.452326909,-1.550948989
10.31,8,-1.5,-1.539341844,-1.488985012,-1.451992987,-1.550543243
10.32,8,-1.5,-1.539003973,-1.488704962,-1.451659554,-1.550138091
10.33,8,-1.5,-1.538666511,-1.488425264,-1.451326609,-1.549733533
10.34,8,-1.5,-1.538329459,-1.488145916,-1.450994151,-1.549329567
10.35,8,-1.5,-1.537992814,-1.487867418,-1.450662179,-1.548926192
10.36,8,-1.5,-1.537656576,-1.487588731,-1.450330692,-1.548523406
10.37,8,-1.5,-1.537320745,-1.487310396,-1.449999688,-1.548121209
10.38,8,-1.5,-1.53698532,-1.48703241,-1.449669167,-1.547719599
10.39,8,-1.5,-1.5366503,-1.486754775,-1.449339128,-1.547318575
10.4,8,-1.5,-1.536315684,-1.486477488,-1.449009569,-1.546918135
10.41,8,-1.5,-1.535981472,-1.486200549,-1.448680491,-1.546518278
10.42,8,-1.5,-1.535647662,-1.485923957,-1.448351891,-1.546119004
10.43,8,-1.5,-1.535314255,-1.485647712,-1.448023769,-1.545720311
10.44,8,-1.5,-1.53498125,-1.485371519,-1.447696123,-1.545322197
10.45,8,-1.5,-1.534648645,-1.48509626,-1.447368953,-1.544924661
10.46,8,-1.5,-1.53431644,-1.484821051,-1.447042258,-1.544527703
10.47,8,-1.5,-1.533984635,-1.484546186,-1.446716037,-1.544131321
10.48,8,-1.5,-1.533653228,-1.484271664,-1.446390288,-1.543735513
10.49,8,-1.5,-1.533322219,-1.483997485,-1.446065011,-1.54334028
10.5,8,-1.5,-1.532989572,-1.483723648,-1.445740205,-1.542945618
10.51,8,-1.5,-1.532659283,-1.483450151,-1.445415869,-1.542551527
10.52,8,-1.5,-1.53232939,-1.483176996,-1.445092001,-1.542158007
10.53,8,-1.5,-1.531999892,-1.48290418,-1.444768602,-1.541765055
10.54,8,-1.5,-1.531670787,-1.482631703,-1.444445669,-1.541372671
10.55,8,-1.5,-1.531342076,-1.482359564,-1.444123202,-1.540980853
10.56,8,-1.5,-1.531013757,-1.482087764,-1.4438012,-1.5405896
10.57,8,-1.5,-1.53068583,-1.481816816,-1.443479662,-1.540198911
10.58,8,-1.5,-1.530358294,-1.481545173,-1.443158587,-1.539808785
10.59,8,-1.5,-1.530031149,-1.481274382,-1.442837974,-1.539419221
10.6,8,-1.5,-1.529704393,-1.481003926,-1.442517823,-1.539030217
10.61,8,-1.5,-1.529378027,-1.480733804,-1.442198131,-1.538641772
10.62,8,-1.5,-1.529052049,-1.480463996,-1.441878898,-1.538253886
10.63,8,-1.5,-1.528726459,-1.480194561,-1.441560124,-1.537866556
10.64,8,-1.5,-1.528401256,-1.479925439,-1.441241807,-1.537479782
10.65,8,-1.5,-1.528076439,-1.479656649,-1.440923946,-1.537093563
10.66,8,-1.5,-1.527752008,-1.47938819,-1.440606541,-1.536707897
10.67,8,-1.5,-1.527427963,-1.479120061,-1.44028959,-1.536322783
10.68,8,-1.5,-1.527104301,-1.478852262,-1.439972869,-1.53593822
10.69,8,-1.5,-1.526781023,-1.478584793,-1.439656816,-1.535554208
10.7,8,-1.5,-1.526458128,-1.478317652,-1.439341214,-1.535170744
10.71,8,-1.5,-1.526135616,-1.47805084,-1.439026062,-1.534787828
10.72,8,-1.5,-1.525813485,-1.477784354,-1.438711393,-1.534405459
10.73,8,-1.5,-1.525491736,-1.477518196,-1.438397141,-1.534023635
10.74,8,-1.5,-1.525170366,-1.477252363,-1.438083336,-1.533642355
10.75,8,-1.5,-1.524849377,-1.476986866,-1.437769979,-1.533261618
10.76,8,-1.5,-1.524528766,-1.47672168,-1.437457067,-1.532881424
10.77,8,-1.5,-1.524208534,-1.476456817,-1.4371446,-1.53250177
10.78,8,-1.5,-1.52388868,-1.476192283,-1.436832577,-1.532122656
10.79,8,-1.5,-1.523569202,-1.475928072,-1.436520997,-1.531744081
10.8,8,-1.5,-1.523250101,-1.475664183,-1.436209859,-1.531366043
10.81,8,-1.5,-1.522931376,-1.475400616,-1.435899162,-1.530988542
10.82,8,-1.5,-1.522613026,-1.47513737,-1.435588906,-1.530611576
10.83,8,-1.5,-1.52229505,-1.474874445,-1.435279089,-1.530235145
10.84,8,-1.5,-1.521977448,-1.47461184,-1.434969711,-1.529859246
10.85,8,-1.5,-1.52166022,-1.474349554,-1.43466077,-1.52948388
10.86,8,-1.5,-1.521343364,-1.474087587,-1.434352266,-1.529109044
10.87,8,-1.5,-1.521026879,-1.473825938,-1.434044197,-1.528734738
10.88,8,-1.5,-1.520710766,-1.473564607,-1.433736564,-1.528360961
10.89,8,-1.5,-1.520395024,-1.473303592,-1.433429365,-1.527987712
10.9,8,-1.5,-1.520079651,-1.473042894,-1.433122599,-1.527614989
10.91,8,-1.5,-1.519764648,-1.472782513,-1.432816265,-1.527242792
10.92,8,-1.5,-1.519450014,-1.472522446,-1.432510362,-1.526871119
10.93,8,-1.5,-1.519135747,-1.472262693,-1.43220489,-1.526499969
10.94,8,-1.5,-1.518821848,-1.472003255,-1.431899847,-1.526129342
10.95,8,-1.5,-1.518508316,-1.47174413,-1.431595234,-1.525759236
10.96,8,-1.5,-1.51819515,-1.471485318,-1.431291047,-1.52538965
10.97,8,-1.5,-1.517882349,-1.471226818,-1.430987288,-1.525020583
10.98,8,-1.5,-1.517569914,-1.47096863,-1.430683955,-1.524652034
10.99,8,-1.5,-1.517257842,-1.470710753,-1.430381047,-1.524284002
11,8,-1.5,-1.516946134,-1.470453186,-1.430078564,-1.523916485
11.01,8,-1.5,-1.51663479,-1.47019593,-1.429776504,-1.523549484
11.02,8,-1.5,-1.516323807,-1.469938983,-1.429474866,-1.523182996
11.03,8,-1.5,-1.516013186,-1.469682344,-1.42917365,-1.522817021
11.04,8,-1.5,-1.515702927,-1.469426014,-1.428872856,-1.522451558
11.05,8,-1.5,-1.515393028,-1.469169992,-1.428572481,-1.522086605
11.06,8,-1.5,-1.515083489,-1.468914277,-1.428272525,-1.521722162
11.07,8,-1.5,-1.514774309,-1.468658868,-1.427972988,-1.521358227
11.08,8,-1.5,-1.514465488,-1.468403765,-1.427673868,-1.5209948
11.09,8,-1.5,-1.514157025,-1.468150638,-1.427375164,-1.520631879
11.1,8,-1.5,-1.51384892,-1.467894476,-1.427076877,-1.520269464
11.11,8,-1.5,-1.513541171,-1.467640288,-1.426779004,-1.519907553
11.12,8,-1.5,-1.513233779,-1.467386403,-1.426481546,-1.519546146
11.13,8,-1.5,-1.512926742,-1.467132822,-1.4261845,-1.51918524
11.14,8,-1.5,-1.51262006,-1.466879544,-1.425887867,-1.518824836
11.15,8,-1.5,-1.512313733,-1.466626568,-1.425591646,-1.518464933
11.16,8,-1.5,-1.512007759,-1.466373893,-1.425295835,-1.518105529
11.17,8,-1.5,-1.511702139,-1.46612152,-1.425000434,-1.517746623
11.18,8,-1.5,-1.511396872,-1.465869447,-1.424705443,-1.517388214
11.19,8,-1.5,-1.511091956,-1.465617673,-1.424410859,-1.517030301
11.2,8,-1.5,-1.510787392,-1.4653662,-1.424116683,-1.516672884
11.21,8,-1.5,-1.510483179,-1.465115025,-1.423822914,-1.516315961
11.22,8,-1.5,-1.510179315,-1.464864148,-1.42352955,-1.515959531
11.23,8,-1.5,-1.509875802,-1.464613569,-1.423236591,-1.515603594
11.24,8,-1.5,-1.509572638,-1.464363288,-1.422944036,-1.515248148
11.25,8,-1.5,-1.509269822,-1.464113303,-1.422651885,-1.514893192
11.26,8,-1.5,-1.508967354,-1.463863615,-1.422360136,-1.514538725
11.27,8,-1.5,-1.508665233,-1.463614222,-1.422068789,-1.514184746
11.28,8,-1.5,-1.508363459,-1.463365124,-1.421777843,-1.513831255
11.29,8,-1.5,-1.508062031,-1.463116321,-1.421487296,-1.51347825
11.3,8,-1.5,-1.507760949,-1.462867812,-1.42119715,-1.513125731
11.31,8,-1.5,-1.507460211,-1.462619596,-1.420907401,-1.512773696
11.32,8,-1.5,-1.507159818,-1.462371674,-1.42061805,-1.512422144
11.33,8,-1.5,-1.506859769,-1.462124044,-1.420329096,-1.512071074
11.34,8,-1.5,-1.506560063,-1.461876706,-1.420040538,-1.511720486
11.35,8,-1.5,-1.5062607,-1.461629659,-1.419752376,-1.511370379
11.36,8,-1.5,-1.505961678,-1.461382904,-1.419464608,-1.511020751
11.37,8,-1.5,-1.505662999,-1.461136439,-1.419177233,-1.510671601
11.38,8,-1.5,-1.50536466,-1.460890264,-1.418890006,-1.510322929
11.39,8,-1.5,-1.505066661,-1.460644378,-1.41860341,-1.509974734
11.4,8,-1.5,-1.504769002,-1.460398781,-1.418317205,-1.509627014
11.41,8,-1.5,-1.504471683,-1.460153473,-1.418031391,-1.509279769
11.42,8,-1.5,-1.504174702,-1.459908454,-1.417745966,-1.508932998
11.43,8,-1.5,-1.503878067,-1.459663767,-1.41746093,-1.5085867
11.44,8,-1.5,-1.503581761,-1.459419453,-1.417176282,-1.508240873
11.45,8,-1.5,-1.503285793,-1.459175377,-1.416892021,-1.507895517
11.46,8,-1.5,-1.502990161,-1.458931524,-1.416608147,-1.507549132
11.47,8,-1.5,-1.502694865,-1.458687957,-1.416324659,-1.507200742
11.48,8,-1.5,-1.502399904,-1.458444677,-1.416041555,-1.50685299
11.49,8,-1.5,-1.502105278,-1.458201682,-1.415758836,-1.506505875
11.5,8,-1.5,-1.501810986,-1.457958973,-1.4154765,-1.506159396
11.51,8,-1.5,-1.501517028,-1.457716549,-1.415194547,-1.505813552
11.52,8,-1.5,-1.501223403,-1.457474409,-1.414912976,-1.505468342
11.53,8,-1.5,-1.50093011,-1.457232552,-1.414631786,-1.505173765
11.54,8,-1.5,-1.500637149,-1.45699098,-1.414350976,-1.50482982
11.55,8,-1.5,-1.500344519,-1.456749691,-1.414070546,-1.504486507
11.56,8,-1.5,-1.50005222,-1.456508684,-1.413790495,-1.504143824
11.57,8,-1.5,-1.499760252,-1.45626796,-1.413510822,-1.50380177
11.58,8,-1.5,-1.499468613,-1.456027517,-1.413231526,-1.503460345
11.59,8,-1.5,-1.499177303,-1.455787356,-1.412952607,-1.503119548
11.6,8,-1.5,-1.498886322,-1.455547476,-1.412674064,-1.502779377
11.61,8,-1.5,-1.49859567,-1.455307877,-1.412395896,-1.502439833
11.62,8,-1.5,-1.498305344,-1.45506843,-1.412118102,-1.502100913
11.63,8,-1.5,-1.498015346,-1.454831237,-1.411840682,-1.501762617
11.64,8,-1.5,-1.497725674,-1.454592501,-1.411563635,-1.501424945
11.65,8,-1.5,-1.497436328,-1.454354044,-1.41128696,-1.501087895
11.66,8,-1.5,-1.497147308,-1.454115864,-1.411010656,-1.500751466
11.67,8,-1.5,-1.496858612,-1.453877961,-1.410734723,-1.500415657
11.68,8,-1.5,-1.49657024,-1.453640334,-1.41045916,-1.500080468
11.69,8,-1.5,-1.496282193,-1.453402984,-1.410183966,-1.499745897
11.7,8,-1.5,-1.495994468,-1.453165908,-1.409909141,-1.499389116
11.71,8,-1.5,-1.495707067,-1.452929108,-1.409634683,-1.49907859
11.72,8,-1.5,-1.495419987,-1.452692583,-1.409360593,-1.498745821
11.73,8,-1.5,-1.495133229,-1.452456331,-1.409086869,-1.498413636
11.74,8,-1.5,-1.494846793,-1.452220353,-1.40881351,-1.498082034
11.75,8,-1.5,-1.494560676,-1.451984648,-1.408540516,-1.497751014
11.76,8,-1.5,-1.49427488,-1.451749216,-1.408267887,-1.497420575
11.77,8,-1.5,-1.493989404,-1.451514056,-1.41989215,-1.497090717
11.78,8,-1.5,-1.493704246,-1.451279168,-1.419612973,-1.496761438
11.79,8,-1.5,-1.493419407,-1.451044551,-1.419334161,-1.496432738
11.8,8,-1.5,-1.493134886,-1.450810205,-1.419055714,-1.496104615
11.81,8,-1.5,-1.492850683,-1.45057613,-1.41877763,-1.495777068
11.82,8,-1.5,-1.492566796,-1.450342324,-1.418499909,-1.495450098
11.83,8,-1.5,-1.492283226,-1.450108788,-1.418222551,-1.495123702
11.84,8,-1.5,-1.491999971,-1.44987552,-1.417945554,-1.494797881
11.85,8,-1.5,-1.491717032,-1.449642522,-1.417668918,-1.494472632
